{
  "type": "FeatureCollection",
  "features": [
    {
      "type": "Feature",
      "properties": {
        "iso2": "AF",
        "name": "Afghanistan"
      },
      "geometry": {
        "type": "Polygon",
        "coordinates": [
          [
            [
              2.513544,
              0
            ],
            [
              2.649202,
              1.207971
            ],
            [
              0,
              2.524144
            ],
            [
              -2.84527,
              2.325885
            ],
            [
              -3.302118,
              0
            ],
            [
              -2.557976,
              -1.986051
            ],
            [
              0,
              -1.978206
            ],
            [
              2.260331,
              -2.349196
            ],
            [
              2.513544,
              0
            ]
          ]
        ]
      }
    },
    {
      "type": "Feature",
      "properties": {
        "iso2": "AX",
        "name": "Åland Islands"
      },
      "geometry": {
        "type": "Polygon",
        "coordinates": [
          [
            [
              -3.904706,
              -3.500124
            ],
            [
              -5.38398,
              -1.368323
            ],
            [
              -8.091009,
              -1.276756
            ],
            [
              -10.979293,
              -1.570394
            ],
            [
              -10.837463,
              -3.500124
            ],
            [
              -10.957095,
              -5.388276
            ],
            [
              -8.091009,
              -5.447102
            ],
            [
              -6.208256,
              -5.772485
            ],
            [
              -3.904706,
              -3.500124
            ]
          ]
        ]
      }
    },
    {
      "type": "Feature",
      "properties": {
        "iso2": "AL",
        "name": "Albania"
      },
      "geometry": {
        "type": "Polygon",
        "coordinates": [
          [
            [
              5.930592,
              7.299838
            ],
            [
              4.438567,
              9.370501
            ],
            [
              1.356663,
              9.395736
            ],
            [
              -1.618219,
              8.74151
            ],
            [
              -0.991257,
              7.299838
            ],
            [
              -1.56993,
              5.5424
            ],
            [
              1.356663,
              4.772969
            ],
            [
              2.953135,
              5.888189
            ],
            [
              5.930592,
              7.299838
            ]
          ]
        ]
      }
    },
    {
      "type": "Feature",
      "properties": {
        "iso2": "DZ",
        "name": "Algeria"
      },
      "geometry": {
        "type": "Polygon",
        "coordinates": [
          [
            [
              14.772005,
              -7.122411
            ],
            [
              14.48457,
              -4.803077
            ],
            [
              11.563664,
              -5.016625
            ],
            [
              9.088797,
              -5.507965
            ],
            [
              8.627399,
              -7.122411
            ],
            [
              8.568326,
              -8.998762
            ],
            [
              11.563664,
              -10.301153
            ],
            [
              13.703353,
              -8.689764
            ],
            [
              14.772005,
              -7.122411
            ]
          ]
        ]
      }
    },
    {
      "type": "Feature",
      "properties": {
        "iso2": "AS",
        "name": "American Samoa"
      },
      "geometry": {
        "type": "Polygon",
        "coordinates": [
          [
            [
              -18.382861,
              1.805084
            ],
            [
              -19.098673,
              3.473404
            ],
            [
              -21.61015,
              4.837676
            ],
            [
              -23.806966,
              3.603213
            ],
            [
              -25.27327,
              1.805084
            ],
            [
              -24.679293,
              -0.237424
            ],
            [
              -21.61015,
              0.096203
            ],
            [
              -19.996005,
              0.164535
            ],
            [
              -18.382861,
              1.805084
            ]
          ]
        ]
      }
    },
    {
      "type": "Feature",
      "properties": {
        "iso2": "AD",
        "name": "Andorra"
      },
      "geometry": {
        "type": "Polygon",
        "coordinates": [
          [
            [
              25.240927,
              6.218757
            ],
            [
              23.653508,
              8.618624
            ],
            [
              20.702339,
              8.938294
            ],
            [
              17.505212,
              8.223671
            ],
            [
              17.416271,
              6.218757
            ],
            [
              18.208264,
              4.7879
            ],
            [
              20.702339,
              3.975148
            ],
            [
              22.589587,
              3.826649
            ],
            [
              25.240927,
              6.218757
            ]
          ]
        ]
      }
    },
    {
      "type": "Feature",
      "properties": {
        "iso2": "AO",
        "name": "Angola"
      },
      "geometry": {
        "type": "Polygon",
        "coordinates": [
          [
            [
              -3.554802,
              -12.257135
            ],
            [
              -4.938204,
              -10.80836
            ],
            [
              -6.977589,
              -9.62292
            ],
            [
              -8.960693,
              -10.65865
            ],
            [
              -11.334359,
              -12.257135
            ],
            [
              -9.348844,
              -14.516782
            ],
            [
              -6.977589,
              -14.079774
            ],
            [
              -4.951604,
              -13.596343
            ],
            [
              -3.554802,
              -12.257135
            ]
          ]
        ]
      }
    },
    {
      "type": "Feature",
      "properties": {
        "iso2": "AI",
        "name": "Anguilla"
      },
      "geometry": {
        "type": "Polygon",
        "coordinates": [
          [
            [
              -10.269072,
              12.166242
            ],
            [
              -10.306441,
              14.238166
            ],
            [
              -13.380743,
              14.190452
            ],
            [
              -15.105221,
              13.234699
            ],
            [
              -17.361589,
              12.166242
            ],
            [
              -14.93825,
              11.049565
            ],
            [
              -13.380743,
              9.549154
            ],
            [
              -11.200701,
              10.003519
            ],
            [
              -10.269072,
              12.166242
            ]
          ]
        ]
      }
    },
    {
      "type": "Feature",
      "properties": {
        "iso2": "AQ",
        "name": "Antarctica"
      },
      "geometry": {
        "type": "Polygon",
        "coordinates": [
          [
            [
              33.338485,
              -5.027503
            ],
            [
              32.279297,
              -3.845801
            ],
            [
              29.152584,
              -3.130872
            ],
            [
              27.448967,
              -3.529877
            ],
            [
              25.832133,
              -5.027503
            ],
            [
              26.558664,
              -7.423061
            ],
            [
              29.152584,
              -6.627049
            ],
            [
              32.22384,
              -7.246797
            ],
            [
              33.338485,
              -5.027503
            ]
          ]
        ]
      }
    },
    {
      "type": "Feature",
      "properties": {
        "iso2": "AG",
        "name": "Antigua & Barbuda"
      },
      "geometry": {
        "type": "Polygon",
        "coordinates": [
          [
            [
              -27.331869,
              -5.931224
            ],
            [
              -28.060506,
              -3.715789
            ],
            [
              -30.428007,
              -3.420268
            ],
            [
              -32.290958,
              -4.184105
            ],
            [
              -34.04335,
              -5.931224
            ],
            [
              -32.216924,
              -8.240496
            ],
            [
              -30.428007,
              -7.511826
            ],
            [
              -27.553328,
              -7.554625
            ],
            [
              -27.331869,
              -5.931224
            ]
          ]
        ]
      }
    },
    {
      "type": "Feature",
      "properties": {
        "iso2": "AR",
        "name": "Argentina"
      },
      "geometry": {
        "type": "Polygon",
        "coordinates": [
          [
            [
              18.948757,
              14.841067
            ],
            [
              16.475253,
              16.797415
            ],
            [
              14.707064,
              16.547682
            ],
            [
              13.050258,
              16.666021
            ],
            [
              12.419319,
              14.841067
            ],
            [
              12.087242,
              13.050866
            ],
            [
              14.707064,
              12.139639
            ],
            [
              16.619999,
              12.741978
            ],
            [
              18.948757,
              14.841067
            ]
          ]
        ]
      }
    },
    {
      "type": "Feature",
      "properties": {
        "iso2": "AM",
        "name": "Armenia"
      },
      "geometry": {
        "type": "Polygon",
        "coordinates": [
          [
            [
              13.243937,
              -16.39773
            ],
            [
              14.042527,
              -14.631766
            ],
            [
              10.891747,
              -13.751887
            ],
            [
              8.554764,
              -14.530664
            ],
            [
              8.483256,
              -16.39773
            ],
            [
              8.754777,
              -18.35148
            ],
            [
              10.891747,
              -19.617155
            ],
            [
              13.015348,
              -18.550739
            ],
            [
              13.243937,
              -16.39773
            ]
          ]
        ]
      }
    },
    {
      "type": "Feature",
      "properties": {
        "iso2": "AW",
        "name": "Aruba"
      },
      "geometry": {
        "type": "Polygon",
        "coordinates": [
          [
            [
              -30.487804,
              9.000069
            ],
            [
              -30.850499,
              10.091575
            ],
            [
              -32.887485,
              12.031111
            ],
            [
              -35.725483,
              10.659176
            ],
            [
              -36.214827,
              9.000069
            ],
            [
              -34.799386,
              7.522709
            ],
            [
              -32.887485,
              6.347463
            ],
            [
              -30.980256,
              7.756252
            ],
            [
              -30.487804,
              9.000069
            ]
          ]
        ]
      }
    },
    {
      "type": "Feature",
      "properties": {
        "iso2": "AU",
        "name": "Australia"
      },
      "geometry": {
        "type": "Polygon",
        "coordinates": [
          [
            [
              41.592301,
              4.011505
            ],
            [
              40.491993,
              5.357084
            ],
            [
              38.640255,
              7.060831
            ],
            [
              35.494943,
              6.392855
            ],
            [
              36.298269,
              4.011505
            ],
            [
              36.817531,
              1.853332
            ],
            [
              38.640255,
              1.358579
            ],
            [
              41.795665,
              2.591352
            ],
            [
              41.592301,
              4.011505
            ]
          ]
        ]
      }
    },
    {
      "type": "Feature",
      "properties": {
        "iso2": "AT",
        "name": "Austria"
      },
      "geometry": {
        "type": "Polygon",
        "coordinates": [
          [
            [
              -20.275149,
              -15.860424
            ],
            [
              -21.716361,
              -13.460273
            ],
            [
              -23.612801,
              -13.539164
            ],
            [
              -25.98439,
              -14.665412
            ],
            [
              -27.418055,
              -15.860424
            ],
            [
              -26.066172,
              -17.527808
            ],
            [
              -23.612801,
              -18.998211
            ],
            [
              -20.465869,
              -17.503943
            ],
            [
              -20.275149,
              -15.860424
            ]
          ]
        ]
      }
    },
    {
      "type": "Feature",
      "properties": {
        "iso2": "AZ",
        "name": "Azerbaijan"
      },
      "geometry": {
        "type": "Polygon",
        "coordinates": [
          [
            [
              -1.076249,
              19.901867
            ],
            [
              -2.388369,
              21.87056
            ],
            [
              -5.461385,
              23.167203
            ],
            [
              -8.611561,
              21.240435
            ],
            [
              -9.670706,
              19.901867
            ],
            [
              -8.590005,
              17.705422
            ],
            [
              -5.461385,
              18.36047
            ],
            [
              -3.048688,
              18.256756
            ],
            [
              -1.076249,
              19.901867
            ]
          ]
        ]
      }
    },
    {
      "type": "Feature",
      "properties": {
        "iso2": "BS",
        "name": "Bahamas"
      },
      "geometry": {
        "type": "Polygon",
        "coordinates": [
          [
            [
              35.925249,
              -13.357079
            ],
            [
              35.192018,
              -11.469943
            ],
            [
              33.561396,
              -10.634034
            ],
            [
              31.945365,
              -11.409385
            ],
            [
              30.792047,
              -13.357079
            ],
            [
              30.983709,
              -14.673152
            ],
            [
              33.561396,
              -14.898399
            ],
            [
              36.807838,
              -15.579296
            ],
            [
              35.925249,
              -13.357079
            ]
          ]
        ]
      }
    },
    {
      "type": "Feature",
      "properties": {
        "iso2": "BH",
        "name": "Bahrain"
      },
      "geometry": {
        "type": "Polygon",
        "coordinates": [
          [
            [
              -40.955271,
              -0.882727
            ],
            [
              -42.734674,
              0.709588
            ],
            [
              -45.203424,
              0.720225
            ],
            [
              -47.204903,
              1.129615
            ],
            [
              -48.831605,
              -0.882727
            ],
            [
              -46.781634,
              -2.710379
            ],
            [
              -45.203424,
              -3.550702
            ],
            [
              -43.265979,
              -3.10614
            ],
            [
              -40.955271,
              -0.882727
            ]
          ]
        ]
      }
    },
    {
      "type": "Feature",
      "properties": {
        "iso2": "BD",
        "name": "Bangladesh"
      },
      "geometry": {
        "type": "Polygon",
        "coordinates": [
          [
            [
              37.268089,
              15.506853
            ],
            [
              34.566294,
              17.695513
            ],
            [
              32.998628,
              17.329826
            ],
            [
              30.258017,
              17.702802
            ],
            [
              29.616507,
              15.506853
            ],
            [
              30.88573,
              13.380348
            ],
            [
              32.998628,
              12.207216
            ],
            [
              35.961669,
              13.880308
            ],
            [
              37.268089,
              15.506853
            ]
          ]
        ]
      }
    },
    {
      "type": "Feature",
      "properties": {
        "iso2": "BB",
        "name": "Barbados"
      },
      "geometry": {
        "type": "Polygon",
        "coordinates": [
          [
            [
              0.118209,
              -22.561985
            ],
            [
              -0.167039,
              -20.459686
            ],
            [
              -2.209308,
              -19.566815
            ],
            [
              -4.122228,
              -20.359442
            ],
            [
              -5.473471,
              -22.561985
            ],
            [
              -4.003741,
              -23.920638
            ],
            [
              -2.209308,
              -25.791486
            ],
            [
              1.041699,
              -24.610367
            ],
            [
              0.118209,
              -22.561985
            ]
          ]
        ]
      }
    },
    {
      "type": "Feature",
      "properties": {
        "iso2": "BY",
        "name": "Belarus"
      },
      "geometry": {
        "type": "Polygon",
        "coordinates": [
          [
            [
              -27.590492,
              17.791731
            ],
            [
              -28.330797,
              19.282564
            ],
            [
              -31.440817,
              19.635883
            ],
            [
              -33.929462,
              19.53497
            ],
            [
              -34.284764,
              17.791731
            ],
            [
              -33.171959,
              15.756249
            ],
            [
              -31.440817,
              14.664593
            ],
            [
              -28.859354,
              16.711151
            ],
            [
              -27.590492,
              17.791731
            ]
          ]
        ]
      }
    },
    {
      "type": "Feature",
      "properties": {
        "iso2": "BE",
        "name": "Belgium"
      },
      "geometry": {
        "type": "Polygon",
        "coordinates": [
          [
            [
              52.088343,
              -3.166337
            ],
            [
              51.424991,
              -1.980344
            ],
            [
              49.834674,
              -0.279619
            ],
            [
              46.954456,
              -1.795241
            ],
            [
              45.660213,
              -3.166337
            ],
            [
              46.647292,
              -4.398404
            ],
            [
              49.834674,
              -6.215743
            ],
            [
              51.799594,
              -4.227804
            ],
            [
              52.088343,
              -3.166337
            ]
          ]
        ]
      }
    },
    {
      "type": "Feature",
      "properties": {
        "iso2": "BZ",
        "name": "Belize"
      },
      "geometry": {
        "type": "Polygon",
        "coordinates": [
          [
            [
              -39.799175,
              -13.880721
            ],
            [
              -39.164296,
              -11.483784
            ],
            [
              -42.247153,
              -11.657321
            ],
            [
              -45.01405,
              -11.963805
            ],
            [
              -45.037379,
              -13.880721
            ],
            [
              -44.737709,
              -16.049379
            ],
            [
              -42.247153,
              -15.817383
            ],
            [
              -40.190106,
              -16.095498
            ],
            [
              -39.799175,
              -13.880721
            ]
          ]
        ]
      }
    },
    {
      "type": "Feature",
      "properties": {
        "iso2": "BJ",
        "name": "Benin"
      },
      "geometry": {
        "type": "Polygon",
        "coordinates": [
          [
            [
              16.060038,
              24.244178
            ],
            [
              14.313853,
              25.79748
            ],
            [
              11.549933,
              26.896108
            ],
            [
              9.755037,
              26.475653
            ],
            [
              7.814399,
              24.244178
            ],
            [
              9.20292,
              22.919083
            ],
            [
              11.549933,
              22.221801
            ],
            [
              14.12617,
              22.613112
            ],
            [
              16.060038,
              24.244178
            ]
          ]
        ]
      }
    },
    {
      "type": "Feature",
      "properties": {
        "iso2": "BM",
        "name": "Bermuda"
      },
      "geometry": {
        "type": "Polygon",
        "coordinates": [
          [
            [
              29.582559,
              -22.02485
            ],
            [
              29.658667,
              -20.0575
            ],
            [
              26.726244,
              -18.629911
            ],
            [
              24.567484,
              -20.661522
            ],
            [
              24.481594,
              -22.02485
            ],
            [
              24.732989,
              -24.368224
            ],
            [
              26.726244,
              -24.052535
            ],
            [
              29.564379,
              -23.215484
            ],
            [
              29.582559,
              -22.02485
            ]
          ]
        ]
      }
    },
    {
      "type": "Feature",
      "properties": {
        "iso2": "BT",
        "name": "Bhutan"
      },
      "geometry": {
        "type": "Polygon",
        "coordinates": [
          [
            [
              -49.70949,
              7.874355
            ],
            [
              -49.939357,
              9.052748
            ],
            [
              -52.268589,
              9.984627
            ],
            [
              -55.329258,
              10.169133
            ],
            [
              -55.537061,
              7.874355
            ],
            [
              -54.151105,
              6.257616
            ],
            [
              -52.268589,
              5.962298
            ],
            [
              -50.044334,
              6.538744
            ],
            [
              -49.70949,
              7.874355
            ]
          ]
        ]
      }
    },
    {
      "type": "Feature",
      "properties": {
        "iso2": "BO",
        "name": "Bolivia"
      },
      "geometry": {
        "type": "Polygon",
        "coordinates": [
          [
            [
              54.581492,
              11.081607
            ],
            [
              52.421307,
              12.238907
            ],
            [
              50.791438,
              13.3687
            ],
            [
              49.14768,
              13.044732
            ],
            [
              48.417293,
              11.081607
            ],
            [
              48.245093,
              9.346072
            ],
            [
              50.791438,
              8.71099
            ],
            [
              52.829021,
              9.959842
            ],
            [
              54.581492,
              11.081607
            ]
          ]
        ]
      }
    },
    {
      "type": "Feature",
      "properties": {
        "iso2": "BA",
        "name": "Bosnia & Herzegovina"
      },
      "geometry": {
        "type": "Polygon",
        "coordinates": [
          [
            [
              -19.711264,
              -24.837047
            ],
            [
              -19.76132,
              -22.760296
            ],
            [
              -22.011812,
              -21.947531
            ],
            [
              -25.169307,
              -22.478393
            ],
            [
              -26.066409,
              -24.837047
            ],
            [
              -24.747647,
              -26.081818
            ],
            [
              -22.011812,
              -27.781332
            ],
            [
              -19.120873,
              -26.058065
            ],
            [
              -19.711264,
              -24.837047
            ]
          ]
        ]
      }
    },
    {
      "type": "Feature",
      "properties": {
        "iso2": "BW",
        "name": "Botswana"
      },
      "geometry": {
        "type": "Polygon",
        "coordinates": [
          [
            [
              -16.382214,
              25.800336
            ],
            [
              -16.685495,
              28.10503
            ],
            [
              -19.651439,
              28.983871
            ],
            [
              -22.782996,
              27.409101
            ],
            [
              -24.224164,
              25.800336
            ],
            [
              -21.486875,
              23.674933
            ],
            [
              -19.651439,
              23.282663
            ],
            [
              -16.627894,
              23.933239
            ],
            [
              -16.382214,
              25.800336
            ]
          ]
        ]
      }
    },
    {
      "type": "Feature",
      "properties": {
        "iso2": "BV",
        "name": "Bouvet Island"
      },
      "geometry": {
        "type": "Polygon",
        "coordinates": [
          [
            [
              54.790521,
              -12.981705
            ],
            [
              54.103688,
              -11.55692
            ],
            [
              52.306194,
              -11.387441
            ],
            [
              49.193097,
              -11.038417
            ],
            [
              48.562307,
              -12.981705
            ],
            [
              49.216783,
              -15.176304
            ],
            [
              52.306194,
              -14.591134
            ],
            [
              55.047608,
              -15.266074
            ],
            [
              54.790521,
              -12.981705
            ]
          ]
        ]
      }
    },
    {
      "type": "Feature",
      "properties": {
        "iso2": "BR",
        "name": "Brazil"
      },
      "geometry": {
        "type": "Polygon",
        "coordinates": [
          [
            [
              -54.544613,
              -7.233993
            ],
            [
              -55.71319,
              -5.389854
            ],
            [
              -58.11544,
              -4.601223
            ],
            [
              -60.651993,
              -5.070586
            ],
            [
              -62.486683,
              -7.233993
            ],
            [
              -60.311186,
              -8.353194
            ],
            [
              -58.11544,
              -9.71143
            ],
            [
              -55.814938,
              -9.351548
            ],
            [
              -54.544613,
              -7.233993
            ]
          ]
        ]
      }
    },
    {
      "type": "Feature",
      "properties": {
        "iso2": "IO",
        "name": "British Indian Ocean Territory"
      },
      "geometry": {
        "type": "Polygon",
        "coordinates": [
          [
            [
              36.334948,
              24.266476
            ],
            [
              36.293946,
              26.656281
            ],
            [
              33.041955,
              27.216012
            ],
            [
              31.298426,
              26.662199
            ],
            [
              29.149835,
              24.266476
            ],
            [
              30.138893,
              22.463248
            ],
            [
              33.041955,
              22.655836
            ],
            [
              34.724171,
              22.046217
            ],
            [
              36.334948,
              24.266476
            ]
          ]
        ]
      }
    },
    {
      "type": "Feature",
      "properties": {
        "iso2": "VG",
        "name": "British Virgin Islands"
      },
      "geometry": {
        "type": "Polygon",
        "coordinates": [
          [
            [
              14.463959,
              -28.888076
            ],
            [
              13.728741,
              -26.941398
            ],
            [
              10.513449,
              -26.66153
            ],
            [
              8.155684,
              -26.657543
            ],
            [
              6.012019,
              -28.888076
            ],
            [
              8.201145,
              -30.930611
            ],
            [
              10.513449,
              -31.332881
            ],
            [
              12.571175,
              -30.43936
            ],
            [
              14.463959,
              -28.888076
            ]
          ]
        ]
      }
    },
    {
      "type": "Feature",
      "properties": {
        "iso2": "BN",
        "name": "Brunei"
      },
      "geometry": {
        "type": "Polygon",
        "coordinates": [
          [
            [
              -46.502289,
              18.225846
            ],
            [
              -48.02056,
              20.605806
            ],
            [
              -49.836141,
              20.776642
            ],
            [
              -52.089562,
              20.365335
            ],
            [
              -53.064855,
              18.225846
            ],
            [
              -51.838086,
              17.034233
            ],
            [
              -49.836141,
              15.029481
            ],
            [
              -47.227429,
              17.073017
            ],
            [
              -46.502289,
              18.225846
            ]
          ]
        ]
      }
    },
    {
      "type": "Feature",
      "properties": {
        "iso2": "BG",
        "name": "Bulgaria"
      },
      "geometry": {
        "type": "Polygon",
        "coordinates": [
          [
            [
              66.429859,
              2.494596
            ],
            [
              66.46361,
              3.789072
            ],
            [
              63.763478,
              4.812102
            ],
            [
              62.12737,
              4.336729
            ],
            [
              60.294845,
              2.494596
            ],
            [
              60.900042,
              0.965337
            ],
            [
              63.763478,
              -0.702313
            ],
            [
              66.369954,
              0.430792
            ],
            [
              66.429859,
              2.494596
            ]
          ]
        ]
      }
    },
    {
      "type": "Feature",
      "properties": {
        "iso2": "BF",
        "name": "Burkina Faso"
      },
      "geometry": {
        "type": "Polygon",
        "coordinates": [
          [
            [
              -40.590633,
              -22.502604
            ],
            [
              -40.844872,
              -20.976965
            ],
            [
              -44.083132,
              -19.366607
            ],
            [
              -46.708775,
              -20.326895
            ],
            [
              -46.666277,
              -22.502604
            ],
            [
              -46.62977,
              -23.968148
            ],
            [
              -44.083132,
              -25.453282
            ],
            [
              -40.890889,
              -23.617616
            ],
            [
              -40.590633,
              -22.502604
            ]
          ]
        ]
      }
    },
    {
      "type": "Feature",
      "properties": {
        "iso2": "BI",
        "name": "Burundi"
      },
      "geometry": {
        "type": "Polygon",
        "coordinates": [
          [
            [
              4.815654,
              31.089261
            ],
            [
              3.026626,
              32.795854
            ],
            [
              0.32117,
              32.620464
            ],
            [
              -2.829163,
              32.860161
            ],
            [
              -3.846994,
              31.089261
            ],
            [
              -2.210184,
              29.072759
            ],
            [
              0.32117,
              29.255642
            ],
            [
              2.678688,
              28.925463
            ],
            [
              4.815654,
              31.089261
            ]
          ]
        ]
      }
    },
    {
      "type": "Feature",
      "properties": {
        "iso2": "KH",
        "name": "Cambodia"
      },
      "geometry": {
        "type": "Polygon",
        "coordinates": [
          [
            [
              47.091416,
              -23.344326
            ],
            [
              47.750409,
              -21.848803
            ],
            [
              44.844978,
              -20.439909
            ],
            [
              41.848179,
              -21.547218
            ],
            [
              40.274715,
              -23.344326
            ],
            [
              42.378476,
              -25.012291
            ],
            [
              44.844978,
              -26.427334
            ],
            [
              46.502593,
              -24.581733
            ],
            [
              47.091416,
              -23.344326
            ]
          ]
        ]
      }
    },
    {
      "type": "Feature",
      "properties": {
        "iso2": "CM",
        "name": "Cameroon"
      },
      "geometry": {
        "type": "Polygon",
        "coordinates": [
          [
            [
              -64.109857,
              2.947704
            ],
            [
              -64.232167,
              5.090859
            ],
            [
              -67.352305,
              5.477288
            ],
            [
              -69.535375,
              5.307497
            ],
            [
              -71.061654,
              2.947704
            ],
            [
              -68.950737,
              1.578552
            ],
            [
              -67.352305,
              0.879854
            ],
            [
              -65.61567,
              1.741396
            ],
            [
              -64.109857,
              2.947704
            ]
          ]
        ]
      }
    },
    {
      "type": "Feature",
      "properties": {
        "iso2": "CA",
        "name": "Canada"
      },
      "geometry": {
        "type": "Polygon",
        "coordinates": [
          [
            [
              57.944769,
              19.563033
            ],
            [
              56.1599,
              21.385333
            ],
            [
              54.584381,
              22.339652
            ],
            [
              52.223802,
              21.472024
            ],
            [
              51.173629,
              19.563033
            ],
            [
              52.466851,
              17.597365
            ],
            [
              54.584381,
              16.69479
            ],
            [
              57.135428,
              18.475437
            ],
            [
              57.944769,
              19.563033
            ]
          ]
        ]
      }
    },
    {
      "type": "Feature",
      "properties": {
        "iso2": "CV",
        "name": "Cape Verde"
      },
      "geometry": {
        "type": "Polygon",
        "coordinates": [
          [
            [
              -8.751158,
              -32.242159
            ],
            [
              -9.997899,
              -29.971226
            ],
            [
              -12.42113,
              -30.031038
            ],
            [
              -15.413952,
              -30.861968
            ],
            [
              -15.150724,
              -32.242159
            ],
            [
              -14.096775,
              -34.284948
            ],
            [
              -12.42113,
              -35.358641
            ],
            [
              -10.477212,
              -33.365574
            ],
            [
              -8.751158,
              -32.242159
            ]
          ]
        ]
      }
    },
    {
      "type": "Feature",
      "properties": {
        "iso2": "BQ",
        "name": "Caribbean Netherlands"
      },
      "geometry": {
        "type": "Polygon",
        "coordinates": [
          [
            [
              -35.045307,
              28.081041
            ],
            [
              -35.213431,
              30.18215
            ],
            [
              -37.421014,
              31.139813
            ],
            [
              -40.616899,
              29.748358
            ],
            [
              -41.393156,
              28.081041
            ],
            [
              -40.278215,
              26.78063
            ],
            [
              -37.421014,
              26.566812
            ],
            [
              -34.713651,
              26.26697
            ],
            [
              -35.045307,
              28.081041
            ]
          ]
        ]
      }
    },
    {
      "type": "Feature",
      "properties": {
        "iso2": "KY",
        "name": "Cayman Islands"
      },
      "geometry": {
        "type": "Polygon",
        "coordinates": [
          [
            [
              72.954867,
              -8.875774
            ],
            [
              71.433582,
              -7.609632
            ],
            [
              68.583,
              -6.854159
            ],
            [
              65.630831,
              -6.890772
            ],
            [
              65.46271,
              -8.875774
            ],
            [
              65.945878,
              -11.218407
            ],
            [
              68.583,
              -10.961864
            ],
            [
              70.466614,
              -10.692256
            ],
            [
              72.954867,
              -8.875774
            ]
          ]
        ]
      }
    },
    {
      "type": "Feature",
      "properties": {
        "iso2": "CF",
        "name": "Central African Republic"
      },
      "geometry": {
        "type": "Polygon",
        "coordinates": [
          [
            [
              -59.756874,
              -15.513441
            ],
            [
              -61.479375,
              -13.604232
            ],
            [
              -64.016073,
              -13.802041
            ],
            [
              -66.449885,
              -13.707848
            ],
            [
              -68.007272,
              -15.513441
            ],
            [
              -66.843421,
              -17.107515
            ],
            [
              -64.016073,
              -17.700193
            ],
            [
              -61.568889,
              -16.724043
            ],
            [
              -59.756874,
              -15.513441
            ]
          ]
        ]
      }
    },
    {
      "type": "Feature",
      "properties": {
        "iso2": "TD",
        "name": "Chad"
      },
      "geometry": {
        "type": "Polygon",
        "coordinates": [
          [
            [
              27.620897,
              32.227398
            ],
            [
              27.620133,
              34.08892
            ],
            [
              25.301427,
              34.244688
            ],
            [
              23.473,
              34.489856
            ],
            [
              21.351893,
              32.227398
            ],
            [
              23.190121,
              30.802626
            ],
            [
              25.301427,
              30.397329
            ],
            [
              27.284627,
              30.635838
            ],
            [
              27.620897,
              32.227398
            ]
          ]
        ]
      }
    },
    {
      "type": "Feature",
      "properties": {
        "iso2": "CL",
        "name": "Chile"
      },
      "geometry": {
        "type": "Polygon",
        "coordinates": [
          [
            [
              31.737774,
              -32.193888
            ],
            [
              30.273572,
              -30.030339
            ],
            [
              27.753301,
              -29.295378
            ],
            [
              25.058455,
              -31.08882
            ],
            [
              24.355634,
              -32.193888
            ],
            [
              25.582681,
              -33.768142
            ],
            [
              27.753301,
              -34.546306
            ],
            [
              29.870557,
              -33.465362
            ],
            [
              31.737774,
              -32.193888
            ]
          ]
        ]
      }
    },
    {
      "type": "Feature",
      "properties": {
        "iso2": "CN",
        "name": "China"
      },
      "geometry": {
        "type": "Polygon",
        "coordinates": [
          [
            [
              -64.119714,
              15.050472
            ],
            [
              -64.509686,
              17.449503
            ],
            [
              -67.251176,
              18.123706
            ],
            [
              -70.361764,
              16.990223
            ],
            [
              -69.985098,
              15.050472
            ],
            [
              -69.944572,
              12.759259
            ],
            [
              -67.251176,
              12.518367
            ],
            [
              -65.491386,
              13.961196
            ],
            [
              -64.119714,
              15.050472
            ]
          ]
        ]
      }
    },
    {
      "type": "Feature",
      "properties": {
        "iso2": "CX",
        "name": "Christmas Island"
      },
      "geometry": {
        "type": "Polygon",
        "coordinates": [
          [
            [
              75.143302,
              10.466073
            ],
            [
              74.097478,
              12.052773
            ],
            [
              71.886736,
              13.089734
            ],
            [
              68.938085,
              12.510815
            ],
            [
              67.897393,
              10.466073
            ],
            [
              70.295831,
              8.456217
            ],
            [
              71.886736,
              7.224066
            ],
            [
              74.980177,
              9.082112
            ],
            [
              75.143302,
              10.466073
            ]
          ]
        ]
      }
    },
    {
      "type": "Feature",
      "properties": {
        "iso2": "CC",
        "name": "Cocos (Keeling) Islands"
      },
      "geometry": {
        "type": "Polygon",
        "coordinates": [
          [
            [
              -35.354985,
              -30.972223
            ],
            [
              -35.277065,
              -29.043658
            ],
            [
              -38.438354,
              -28.902453
            ],
            [
              -40.589179,
              -29.39822
            ],
            [
              -41.588284,
              -30.972223
            ],
            [
              -40.738006,
              -33.373077
            ],
            [
              -38.438354,
              -32.968966
            ],
            [
              -36.532174,
              -32.36521
            ],
            [
              -35.354985,
              -30.972223
            ]
          ]
        ]
      }
    },
    {
      "type": "Feature",
      "properties": {
        "iso2": "CO",
        "name": "Colombia"
      },
      "geometry": {
        "type": "Polygon",
        "coordinates": [
          [
            [
              -12.77845,
              35.462809
            ],
            [
              -13.64042,
              36.85976
            ],
            [
              -16.126374,
              37.518413
            ],
            [
              -17.930412,
              37.57024
            ],
            [
              -18.69171,
              35.462809
            ],
            [
              -18.293525,
              33.113752
            ],
            [
              -16.126374,
              33.884291
            ],
            [
              -13.096208,
              33.58437
            ],
            [
              -12.77845,
              35.462809
            ]
          ]
        ]
      }
    },
    {
      "type": "Feature",
      "properties": {
        "iso2": "KM",
        "name": "Comoros"
      },
      "geometry": {
        "type": "Polygon",
        "coordinates": [
          [
            [
              66.476349,
              -21.218412
            ],
            [
              65.883337,
              -19.486119
            ],
            [
              63.254604,
              -18.060734
            ],
            [
              61.272541,
              -20.070347
            ],
            [
              58.70056,
              -21.218412
            ],
            [
              61.31366,
              -22.577587
            ],
            [
              63.254604,
              -24.468781
            ],
            [
              64.828548,
              -23.334503
            ],
            [
              66.476349,
              -21.218412
            ]
          ]
        ]
      }
    },
    {
      "type": "Feature",
      "properties": {
        "iso2": "CG",
        "name": "Congo - Brazzaville"
      },
      "geometry": {
        "type": "Polygon",
        "coordinates": [
          [
            [
              -74.305364,
              -4.576342
            ],
            [
              -74.758782,
              -2.804987
            ],
            [
              -77.759981,
              -2.487758
            ],
            [
              -79.909764,
              -2.785133
            ],
            [
              -80.388513,
              -4.576342
            ],
            [
              -80.224116,
              -6.450609
            ],
            [
              -77.759981,
              -7.544733
            ],
            [
              -74.716923,
              -6.289851
            ],
            [
              -74.305364,
              -4.576342
            ]
          ]
        ]
      }
    },
    {
      "type": "Feature",
      "properties": {
        "iso2": "CD",
        "name": "Congo - Kinshasa"
      },
      "geometry": {
        "type": "Polygon",
        "coordinates": [
          [
            [
              55.353522,
              28.453368
            ],
            [
              53.632759,
              30.38238
            ],
            [
              51.287101,
              31.614397
            ],
            [
              49.137348,
              29.658522
            ],
            [
              48.228099,
              28.453368
            ],
            [
              49.566101,
              26.142485
            ],
            [
              51.287101,
              26.951209
            ],
            [
              53.798391,
              26.391954
            ],
            [
              55.353522,
              28.453368
            ]
          ]
        ]
      }
    },
    {
      "type": "Feature",
      "properties": {
        "iso2": "CK",
        "name": "Cook Islands"
      },
      "geometry": {
        "type": "Polygon",
        "coordinates": [
          [
            [
              7.126049,
              -37.697597
            ],
            [
              4.820273,
              -35.671781
            ],
            [
              2.911204,
              -35.531368
            ],
            [
              1.063991,
              -36.473229
            ],
            [
              0.461741,
              -37.697597
            ],
            [
              0.310295,
              -39.026975
            ],
            [
              2.911204,
              -39.965385
            ],
            [
              4.912158,
              -39.130217
            ],
            [
              7.126049,
              -37.697597
            ]
          ]
        ]
      }
    },
    {
      "type": "Feature",
      "properties": {
        "iso2": "CR",
        "name": "Costa Rica"
      },
      "geometry": {
        "type": "Polygon",
        "coordinates": [
          [
            [
              -54.032388,
              27.120706
            ],
            [
              -54.303066,
              28.772746
            ],
            [
              -56.597661,
              29.519882
            ],
            [
              -59.015625,
              28.944891
            ],
            [
              -60.117874,
              27.120706
            ],
            [
              -59.571557,
              25.80953
            ],
            [
              -56.597661,
              25.321656
            ],
            [
              -54.47512,
              25.971499
            ],
            [
              -54.032388,
              27.120706
            ]
          ]
        ]
      }
    },
    {
      "type": "Feature",
      "properties": {
        "iso2": "CI",
        "name": "Côte d’Ivoire"
      },
      "geometry": {
        "type": "Polygon",
        "coordinates": [
          [
            [
              85.336349,
              -1.962277
            ],
            [
              83.228432,
              -0.889216
            ],
            [
              81.270379,
              1.363391
            ],
            [
              78.250309,
              -0.076921
            ],
            [
              76.900967,
              -1.962277
            ],
            [
              78.868203,
              -3.159624
            ],
            [
              81.270379,
              -4.526504
            ],
            [
              84.212824,
              -3.057712
            ],
            [
              85.336349,
              -1.962277
            ]
          ]
        ]
      }
    },
    {
      "type": "Feature",
      "properties": {
        "iso2": "HR",
        "name": "Croatia"
      },
      "geometry": {
        "type": "Polygon",
        "coordinates": [
          [
            [
              -58.782675,
              -24.698342
            ],
            [
              -60.183272,
              -22.53498
            ],
            [
              -63.300919,
              -22.260734
            ],
            [
              -65.358551,
              -23.401173
            ],
            [
              -67.130576,
              -24.698342
            ],
            [
              -64.87715,
              -25.889844
            ],
            [
              -63.300919,
              -27.036254
            ],
            [
              -61.177904,
              -26.572406
            ],
            [
              -58.782675,
              -24.698342
            ]
          ]
        ]
      }
    },
    {
      "type": "Feature",
      "properties": {
        "iso2": "CU",
        "name": "Cuba"
      },
      "geometry": {
        "type": "Polygon",
        "coordinates": [
          [
            [
              15.089265,
              38.744985
            ],
            [
              14.432225,
              40.733686
            ],
            [
              11.447242,
              40.700186
            ],
            [
              8.673724,
              40.501091
            ],
            [
              8.350583,
              38.744985
            ],
            [
              8.862758,
              37.650327
            ],
            [
              11.447242,
              36.32323
            ],
            [
              13.362291,
              36.662817
            ],
            [
              15.089265,
              38.744985
            ]
          ]
        ]
      }
    },
    {
      "type": "Feature",
      "properties": {
        "iso2": "CW",
        "name": "Curaçao"
      },
      "geometry": {
        "type": "Polygon",
        "coordinates": [
          [
            [
              51.681046,
              -32.502215
            ],
            [
              49.204802,
              -30.863684
            ],
            [
              47.392256,
              -29.710213
            ],
            [
              45.58129,
              -31.240986
            ],
            [
              44.318341,
              -32.502215
            ],
            [
              44.35155,
              -34.398126
            ],
            [
              47.392256,
              -35.030889
            ],
            [
              49.470164,
              -34.137628
            ],
            [
              51.681046,
              -32.502215
            ]
          ]
        ]
      }
    },
    {
      "type": "Feature",
      "properties": {
        "iso2": "CY",
        "name": "Cyprus"
      },
      "geometry": {
        "type": "Polygon",
        "coordinates": [
          [
            [
              -78.956955,
              8.924825
            ],
            [
              -80.343815,
              11.122213
            ],
            [
              -82.137423,
              11.887078
            ],
            [
              -83.995553,
              10.011764
            ],
            [
              -84.794316,
              8.924825
            ],
            [
              -84.483002,
              7.850663
            ],
            [
              -82.137423,
              7.226049
            ],
            [
              -79.232004,
              7.715783
            ],
            [
              -78.956955,
              8.924825
            ]
          ]
        ]
      }
    },
    {
      "type": "Feature",
      "properties": {
        "iso2": "CZ",
        "name": "Czechia"
      },
      "geometry": {
        "type": "Polygon",
        "coordinates": [
          [
            [
              77.795904,
              19.785
            ],
            [
              76.870523,
              21.956098
            ],
            [
              73.950943,
              22.861546
            ],
            [
              72.192011,
              20.968293
            ],
            [
              70.337902,
              19.785
            ],
            [
              70.955088,
              17.710238
            ],
            [
              73.950943,
              16.550145
            ],
            [
              75.601913,
              17.717598
            ],
            [
              77.795904,
              19.785
            ]
          ]
        ]
      }
    },
    {
      "type": "Feature",
      "properties": {
        "iso2": "DK",
        "name": "Denmark"
      },
      "geometry": {
        "type": "Polygon",
        "coordinates": [
          [
            [
              -22.271611,
              -38.494662
            ],
            [
              -24.44277,
              -36.912715
            ],
            [
              -26.44533,
              -36.557596
            ],
            [
              -29.144391,
              -37.054488
            ],
            [
              -30.234996,
              -38.494662
            ],
            [
              -29.549697,
              -40.896352
            ],
            [
              -26.44533,
              -40.848418
            ],
            [
              -23.468996,
              -40.237498
            ],
            [
              -22.271611,
              -38.494662
            ]
          ]
        ]
      }
    },
    {
      "type": "Feature",
      "properties": {
        "iso2": "DJ",
        "name": "Djibouti"
      },
      "geometry": {
        "type": "Polygon",
        "coordinates": [
          [
            [
              -33.389962,
              37.120917
            ],
            [
              -34.200537,
              39.36905
            ],
            [
              -35.855057,
              40.09453
            ],
            [
              -38.773466,
              38.52792
            ],
            [
              -38.621063,
              37.120917
            ],
            [
              -38.468068,
              35.389909
            ],
            [
              -35.855057,
              34.923835
            ],
            [
              -32.709607,
              35.641268
            ],
            [
              -33.389962,
              37.120917
            ]
          ]
        ]
      }
    },
    {
      "type": "Feature",
      "properties": {
        "iso2": "DM",
        "name": "Dominica"
      },
      "geometry": {
        "type": "Polygon",
        "coordinates": [
          [
            [
              82.377957,
              -16.0627
            ],
            [
              82.846305,
              -13.995035
            ],
            [
              80.176889,
              -13.467791
            ],
            [
              78.441958,
              -13.738116
            ],
            [
              76.661733,
              -16.0627
            ],
            [
              77.81184,
              -18.399613
            ],
            [
              80.176889,
              -18.735528
            ],
            [
              82.177824,
              -17.407968
            ],
            [
              82.377957,
              -16.0627
            ]
          ]
        ]
      }
    },
    {
      "type": "Feature",
      "properties": {
        "iso2": "DO",
        "name": "Dominican Republic"
      },
      "geometry": {
        "type": "Polygon",
        "coordinates": [
          [
            [
              -78.655831,
              -13.839358
            ],
            [
              -79.806023,
              -11.924991
            ],
            [
              -82.745829,
              -10.886946
            ],
            [
              -84.951368,
              -12.440473
            ],
            [
              -85.235857,
              -13.839358
            ],
            [
              -85.362548,
              -15.848787
            ],
            [
              -82.745829,
              -15.758431
            ],
            [
              -80.348552,
              -15.121779
            ],
            [
              -78.655831,
              -13.839358
            ]
          ]
        ]
      }
    },
    {
      "type": "Feature",
      "properties": {
        "iso2": "EC",
        "name": "Ecuador"
      },
      "geometry": {
        "type": "Polygon",
        "coordinates": [
          [
            [
              45.265214,
              36.883925
            ],
            [
              44.438042,
              37.957821
            ],
            [
              41.538455,
              38.894179
            ],
            [
              38.454982,
              39.064329
            ],
            [
              38.506567,
              36.883925
            ],
            [
              39.006217,
              34.839171
            ],
            [
              41.538455,
              34.203428
            ],
            [
              43.390971,
              35.20536
            ],
            [
              45.265214,
              36.883925
            ]
          ]
        ]
      }
    },
    {
      "type": "Feature",
      "properties": {
        "iso2": "EG",
        "name": "Egypt"
      },
      "geometry": {
        "type": "Polygon",
        "coordinates": [
          [
            [
              26.285108,
              -40.757002
            ],
            [
              25.291345,
              -38.918599
            ],
            [
              22.30104,
              -38.034253
            ],
            [
              20.030627,
              -38.979545
            ],
            [
              19.074924,
              -40.757002
            ],
            [
              20.507502,
              -43.003073
            ],
            [
              22.30104,
              -42.291656
            ],
            [
              25.338939,
              -41.878995
            ],
            [
              26.285108,
              -40.757002
            ]
          ]
        ]
      }
    },
    {
      "type": "Feature",
      "properties": {
        "iso2": "SV",
        "name": "El Salvador"
      },
      "geometry": {
        "type": "Polygon",
        "coordinates": [
          [
            [
              -71.915008,
              23.112454
            ],
            [
              -72.508266,
              24.288063
            ],
            [
              -75.309068,
              25.762806
            ],
            [
              -76.964801,
              25.475562
            ],
            [
              -78.746313,
              23.112454
            ],
            [
              -76.866397,
              21.114334
            ],
            [
              -75.309068,
              21.076539
            ],
            [
              -72.482799,
              21.042629
            ],
            [
              -71.915008,
              23.112454
            ]
          ]
        ]
      }
    },
    {
      "type": "Feature",
      "properties": {
        "iso2": "GQ",
        "name": "Equatorial Guinea"
      },
      "geometry": {
        "type": "Polygon",
        "coordinates": [
          [
            [
              92.801825,
              7.031692
            ],
            [
              91.380044,
              8.607416
            ],
            [
              89.250458,
              8.789133
            ],
            [
              86.149667,
              9.352453
            ],
            [
              84.981013,
              7.031692
            ],
            [
              87.6143,
              5.969868
            ],
            [
              89.250458,
              4.999251
            ],
            [
              90.922022,
              5.020961
            ],
            [
              92.801825,
              7.031692
            ]
          ]
        ]
      }
    },
    {
      "type": "Feature",
      "properties": {
        "iso2": "ER",
        "name": "Eritrea"
      },
      "geometry": {
        "type": "Polygon",
        "coordinates": [
          [
            [
              -52.066024,
              -33.900753
            ],
            [
              -54.197823,
              -31.755798
            ],
            [
              -56.160471,
              -31.986897
            ],
            [
              -58.509525,
              -32.214022
            ],
            [
              -59.713773,
              -33.900753
            ],
            [
              -58.798796,
              -35.942051
            ],
            [
              -56.160471,
              -36.776702
            ],
            [
              -53.345047,
              -35.164104
            ],
            [
              -52.066024,
              -33.900753
            ]
          ]
        ]
      }
    },
    {
      "type": "Feature",
      "properties": {
        "iso2": "EE",
        "name": "Estonia"
      },
      "geometry": {
        "type": "Polygon",
        "coordinates": [
          [
            [
              -2.82402,
              43.221347
            ],
            [
              -4.889915,
              44.632475
            ],
            [
              -7.133486,
              46.070997
            ],
            [
              -9.265127,
              45.28273
            ],
            [
              -11.465044,
              43.221347
            ],
            [
              -9.279226,
              41.689119
            ],
            [
              -7.133486,
              41.366189
            ],
            [
              -5.405108,
              42.034658
            ],
            [
              -2.82402,
              43.221347
            ]
          ]
        ]
      }
    },
    {
      "type": "Feature",
      "properties": {
        "iso2": "SZ",
        "name": "Eswatini"
      },
      "geometry": {
        "type": "Polygon",
        "coordinates": [
          [
            [
              69.865863,
              -29.805267
            ],
            [
              69.528889,
              -28.107065
            ],
            [
              67.563475,
              -28.025157
            ],
            [
              64.832891,
              -28.004134
            ],
            [
              64.266627,
              -29.805267
            ],
            [
              65.526686,
              -31.937605
            ],
            [
              67.563475,
              -32.810299
            ],
            [
              69.930701,
              -31.1427
            ],
            [
              69.865863,
              -29.805267
            ]
          ]
        ]
      }
    },
    {
      "type": "Feature",
      "properties": {
        "iso2": "ET",
        "name": "Ethiopia"
      },
      "geometry": {
        "type": "Polygon",
        "coordinates": [
          [
            [
              -89.636564,
              0.428965
            ],
            [
              -91.493242,
              1.805351
            ],
            [
              -93.102957,
              3.596894
            ],
            [
              -95.569481,
              1.577616
            ],
            [
              -95.503475,
              0.428965
            ],
            [
              -94.876762,
              -0.809495
            ],
            [
              -93.102957,
              -2.738324
            ],
            [
              -90.896468,
              -0.873933
            ],
            [
              -89.636564,
              0.428965
            ]
          ]
        ]
      }
    },
    {
      "type": "Feature",
      "properties": {
        "iso2": "FK",
        "name": "Falkland Islands"
      },
      "geometry": {
        "type": "Polygon",
        "coordinates": [
          [
            [
              72.358376,
              29.585155
            ],
            [
              71.577916,
              31.430035
            ],
            [
              69.744183,
              32.790145
            ],
            [
              66.538993,
              30.937465
            ],
            [
              65.859844,
              29.585155
            ],
            [
              67.960958,
              28.074556
            ],
            [
              69.744183,
              27.920254
            ],
            [
              72.167122,
              27.947668
            ],
            [
              72.358376,
              29.585155
            ]
          ]
        ]
      }
    },
    {
      "type": "Feature",
      "properties": {
        "iso2": "FO",
        "name": "Faroe Islands"
      },
      "geometry": {
        "type": "Polygon",
        "coordinates": [
          [
            [
              -5.414556,
              -44.363048
            ],
            [
              -5.933508,
              -42.521255
            ],
            [
              -9.16927,
              -41.409272
            ],
            [
              -11.086584,
              -43.142896
            ],
            [
              -12.873931,
              -44.363048
            ],
            [
              -11.1724,
              -45.619147
            ],
            [
              -9.16927,
              -45.949626
            ],
            [
              -6.44527,
              -45.731633
            ],
            [
              -5.414556,
              -44.363048
            ]
          ]
        ]
      }
    },
    {
      "type": "Feature",
      "properties": {
        "iso2": "FJ",
        "name": "Fiji"
      },
      "geometry": {
        "type": "Polygon",
        "coordinates": [
          [
            [
              -54.341669,
              35.87674
            ],
            [
              -54.395017,
              38.07595
            ],
            [
              -57.079799,
              39.087238
            ],
            [
              -59.878259,
              37.675467
            ],
            [
              -60.179962,
              35.87674
            ],
            [
              -60.056318,
              34.741593
            ],
            [
              -57.079799,
              32.766598
            ],
            [
              -54.759435,
              34.17686
            ],
            [
              -54.341669,
              35.87674
            ]
          ]
        ]
      }
    },
    {
      "type": "Feature",
      "properties": {
        "iso2": "FI",
        "name": "Finland"
      },
      "geometry": {
        "type": "Polygon",
        "coordinates": [
          [
            [
              97.370189,
              -8.301788
            ],
            [
              96.272581,
              -5.925484
            ],
            [
              94.029414,
              -5.984033
            ],
            [
              91.28155,
              -5.902288
            ],
            [
              90.462939,
              -8.301788
            ],
            [
              91.89281,
              -9.363006
            ],
            [
              94.029414,
              -10.575072
            ],
            [
              95.973613,
              -10.470131
            ],
            [
              97.370189,
              -8.301788
            ]
          ]
        ]
      }
    },
    {
      "type": "Feature",
      "properties": {
        "iso2": "FR",
        "name": "France"
      },
      "geometry": {
        "type": "Polygon",
        "coordinates": [
          [
            [
              -78.990696,
              -24.028707
            ],
            [
              -79.357794,
              -21.837242
            ],
            [
              -81.742184,
              -20.965301
            ],
            [
              -83.859729,
              -22.046923
            ],
            [
              -84.134268,
              -24.028707
            ],
            [
              -84.960143,
              -25.880773
            ],
            [
              -81.742184,
              -26.27054
            ],
            [
              -79.220842,
              -25.77188
            ],
            [
              -78.990696,
              -24.028707
            ]
          ]
        ]
      }
    },
    {
      "type": "Feature",
      "properties": {
        "iso2": "GF",
        "name": "French Guiana"
      },
      "geometry": {
        "type": "Polygon",
        "coordinates": [
          [
            [
              29.181525,
              44.075715
            ],
            [
              27.726158,
              45.470468
            ],
            [
              26.069932,
              46.948655
            ],
            [
              23.247006,
              45.523099
            ],
            [
              23.362386,
              44.075715
            ],
            [
              23.255815,
              42.080657
            ],
            [
              26.069932,
              41.615762
            ],
            [
              28.278054,
              42.088313
            ],
            [
              29.181525,
              44.075715
            ]
          ]
        ]
      }
    },
    {
      "type": "Feature",
      "properties": {
        "iso2": "PF",
        "name": "French Polynesia"
      },
      "geometry": {
        "type": "Polygon",
        "coordinates": [
          [
            [
              47.281895,
              -41.076695
            ],
            [
              46.607193,
              -39.467988
            ],
            [
              44.104986,
              -37.721239
            ],
            [
              42.24106,
              -39.844777
            ],
            [
              41.256803,
              -41.076695
            ],
            [
              41.990322,
              -42.697364
            ],
            [
              44.104986,
              -44.124883
            ],
            [
              47.073565,
              -42.927699
            ],
            [
              47.281895,
              -41.076695
            ]
          ]
        ]
      }
    },
    {
      "type": "Feature",
      "properties": {
        "iso2": "TF",
        "name": "French Southern Territories"
      },
      "geometry": {
        "type": "Polygon",
        "coordinates": [
          [
            [
              -88.878027,
              16.322336
            ],
            [
              -89.796933,
              17.644065
            ],
            [
              -91.855707,
              19.699561
            ],
            [
              -94.90369,
              17.609266
            ],
            [
              -95.430122,
              16.322336
            ],
            [
              -93.473455,
              15.196998
            ],
            [
              -91.855707,
              13.600551
            ],
            [
              -89.612842,
              14.833647
            ],
            [
              -88.878027,
              16.322336
            ]
          ]
        ]
      }
    },
    {
      "type": "Feature",
      "properties": {
        "iso2": "GA",
        "name": "Gabon"
      },
      "geometry": {
        "type": "Polygon",
        "coordinates": [
          [
            [
              95.375448,
              17.372261
            ],
            [
              94.845876,
              19.64639
            ],
            [
              91.647306,
              19.727975
            ],
            [
              89.640683,
              19.000089
            ],
            [
              88.59036,
              17.372261
            ],
            [
              88.68685,
              15.135165
            ],
            [
              91.647306,
              15.792364
            ],
            [
              93.808763,
              16.233008
            ],
            [
              95.375448,
              17.372261
            ]
          ]
        ]
      }
    },
    {
      "type": "Feature",
      "properties": {
        "iso2": "GM",
        "name": "Gambia"
      },
      "geometry": {
        "type": "Polygon",
        "coordinates": [
          [
            [
              -38.955364,
              -42.302294
            ],
            [
              -39.829678,
              -40.593024
            ],
            [
              -42.990663,
              -38.950501
            ],
            [
              -44.600296,
              -40.670515
            ],
            [
              -46.136467,
              -42.302294
            ],
            [
              -44.648109,
              -44.246213
            ],
            [
              -42.990663,
              -45.651781
            ],
            [
              -40.104761,
              -43.432229
            ],
            [
              -38.955364,
              -42.302294
            ]
          ]
        ]
      }
    },
    {
      "type": "Feature",
      "properties": {
        "iso2": "GE",
        "name": "Georgia"
      },
      "geometry": {
        "type": "Polygon",
        "coordinates": [
          [
            [
              -26.785024,
              45.178608
            ],
            [
              -26.545828,
              46.522722
            ],
            [
              -28.986488,
              48.569768
            ],
            [
              -31.915854,
              46.610098
            ],
            [
              -33.037122,
              45.178608
            ],
            [
              -32.087447,
              43.560914
            ],
            [
              -28.986488,
              42.604214
            ],
            [
              -27.206854,
              43.409176
            ],
            [
              -26.785024,
              45.178608
            ]
          ]
        ]
      }
    },
    {
      "type": "Feature",
      "properties": {
        "iso2": "DE",
        "name": "Germany"
      },
      "geometry": {
        "type": "Polygon",
        "coordinates": [
          [
            [
              90.184706,
              -24.211694
            ],
            [
              89.200931,
              -21.916011
            ],
            [
              86.515993,
              -22.525917
            ],
            [
              83.544715,
              -22.395361
            ],
            [
              82.643303,
              -24.211694
            ],
            [
              84.62419,
              -25.625757
            ],
            [
              86.515993,
              -27.496753
            ],
            [
              88.571888,
              -26.159502
            ],
            [
              90.184706,
              -24.211694
            ]
          ]
        ]
      }
    },
    {
      "type": "Feature",
      "properties": {
        "iso2": "GH",
        "name": "Ghana"
      },
      "geometry": {
        "type": "Polygon",
        "coordinates": [
          [
            [
              -95.573769,
              -9.801883
            ],
            [
              -96.10462,
              -8.337258
            ],
            [
              -99.011965,
              -6.905319
            ],
            [
              -100.587723,
              -8.242977
            ],
            [
              -102.553808,
              -9.801883
            ],
            [
              -100.761908,
              -11.892854
            ],
            [
              -99.011965,
              -12.815056
            ],
            [
              -95.773318,
              -12.168918
            ],
            [
              -95.573769,
              -9.801883
            ]
          ]
        ]
      }
    },
    {
      "type": "Feature",
      "properties": {
        "iso2": "GI",
        "name": "Gibraltar"
      },
      "geometry": {
        "type": "Polygon",
        "coordinates": [
          [
            [
              61.998752,
              39.038221
            ],
            [
              61.259385,
              40.397697
            ],
            [
              59.333207,
              41.385282
            ],
            [
              57.684537,
              41.027644
            ],
            [
              55.272399,
              39.038221
            ],
            [
              57.531535,
              36.817606
            ],
            [
              59.333207,
              36.106488
            ],
            [
              61.284923,
              37.507258
            ],
            [
              61.998752,
              39.038221
            ]
          ]
        ]
      }
    },
    {
      "type": "Feature",
      "properties": {
        "iso2": "GR",
        "name": "Greece"
      },
      "geometry": {
        "type": "Polygon",
        "coordinates": [
          [
            [
              15.029434,
              -47.988359
            ],
            [
              13.980587,
              -45.649615
            ],
            [
              12.161863,
              -45.620997
            ],
            [
              10.042992,
              -46.855488
            ],
            [
              8.946883,
              -47.988359
            ],
            [
              10.287442,
              -49.876449
            ],
            [
              12.161863,
              -49.716285
            ],
            [
              15.280759,
              -49.090904
            ],
            [
              15.029434,
              -47.988359
            ]
          ]
        ]
      }
    },
    {
      "type": "Feature",
      "properties": {
        "iso2": "GL",
        "name": "Greenland"
      },
      "geometry": {
        "type": "Polygon",
        "coordinates": [
          [
            [
              -74.423746,
              31.686263
            ],
            [
              -75.171051,
              32.823511
            ],
            [
              -78.057504,
              34.375391
            ],
            [
              -80.93554,
              33.526619
            ],
            [
              -82.381681,
              31.686263
            ],
            [
              -79.793397,
              30.383054
            ],
            [
              -78.057504,
              29.311631
            ],
            [
              -76.085575,
              29.595169
            ],
            [
              -74.423746,
              31.686263
            ]
          ]
        ]
      }
    },
    {
      "type": "Feature",
      "properties": {
        "iso2": "GD",
        "name": "Grenada"
      },
      "geometry": {
        "type": "Polygon",
        "coordinates": [
          [
            [
              106.96631,
              1.543132
            ],
            [
              106.055958,
              2.967889
            ],
            [
              103.4657,
              3.770898
            ],
            [
              100.738945,
              3.039039
            ],
            [
              100.178005,
              1.543132
            ],
            [
              100.396996,
              0.355482
            ],
            [
              103.4657,
              -0.700325
            ],
            [
              106.126991,
              0.056615
            ],
            [
              106.96631,
              1.543132
            ]
          ]
        ]
      }
    },
    {
      "type": "Feature",
      "properties": {
        "iso2": "GP",
        "name": "Guadeloupe"
      },
      "geometry": {
        "type": "Polygon",
        "coordinates": [
          [
            [
              -71.904535,
              -34.332775
            ],
            [
              -72.236677,
              -32.422646
            ],
            [
              -74.50006,
              -32.270065
            ],
            [
              -77.45601,
              -32.737337
            ],
            [
              -78.234565,
              -34.332775
            ],
            [
              -76.593955,
              -35.888635
            ],
            [
              -74.50006,
              -36.423421
            ],
            [
              -71.999089,
              -35.776911
            ],
            [
              -71.904535,
              -34.332775
            ]
          ]
        ]
      }
    },
    {
      "type": "Feature",
      "properties": {
        "iso2": "GU",
        "name": "Guam"
      },
      "geometry": {
        "type": "Polygon",
        "coordinates": [
          [
            [
              9.134848,
              49.351976
            ],
            [
              7.847302,
              51.031063
            ],
            [
              5.854966,
              51.856888
            ],
            [
              3.466226,
              51.581792
            ],
            [
              3.088227,
              49.351976
            ],
            [
              3.851509,
              48.205693
            ],
            [
              5.854966,
              47.571218
            ],
            [
              8.952535,
              47.610036
            ],
            [
              9.134848,
              49.351976
            ]
          ]
        ]
      }
    },
    {
      "type": "Feature",
      "properties": {
        "iso2": "GT",
        "name": "Guatemala"
      },
      "geometry": {
        "type": "Polygon",
        "coordinates": [
          [
            [
              70.92901,
              -38.467873
            ],
            [
              69.159508,
              -36.32412
            ],
            [
              66.641438,
              -35.840375
            ],
            [
              64.065133,
              -36.377767
            ],
            [
              63.596023,
              -38.467873
            ],
            [
              64.161467,
              -40.461906
            ],
            [
              66.641438,
              -41.57637
            ],
            [
              69.278098,
              -39.868382
            ],
            [
              70.92901,
              -38.467873
            ]
          ]
        ]
      }
    },
    {
      "type": "Feature",
      "properties": {
        "iso2": "GG",
        "name": "Guernsey"
      },
      "geometry": {
        "type": "Polygon",
        "coordinates": [
          [
            [
              -100.983585,
              7.146149
            ],
            [
              -102.08348,
              8.939938
            ],
            [
              -104.730281,
              9.870502
            ],
            [
              -106.533199,
              8.474242
            ],
            [
              -107.846022,
              7.146149
            ],
            [
              -106.57201,
              5.459179
            ],
            [
              -104.730281,
              5.206006
            ],
            [
              -103.070751,
              5.58213
            ],
            [
              -100.983585,
              7.146149
            ]
          ]
        ]
      }
    },
    {
      "type": "Feature",
      "properties": {
        "iso2": "GN",
        "name": "Guinea"
      },
      "geometry": {
        "type": "Polygon",
        "coordinates": [
          [
            [
              91.574346,
              28.288551
            ],
            [
              91.09441,
              30.439776
            ],
            [
              87.915946,
              30.609119
            ],
            [
              84.867352,
              29.387864
            ],
            [
              85.039957,
              28.288551
            ],
            [
              86.229932,
              26.714067
            ],
            [
              87.915946,
              25.288793
            ],
            [
              90.526322,
              26.541107
            ],
            [
              91.574346,
              28.288551
            ]
          ]
        ]
      }
    },
    {
      "type": "Feature",
      "properties": {
        "iso2": "GW",
        "name": "Guinea-Bissau"
      },
      "geometry": {
        "type": "Polygon",
        "coordinates": [
          [
            [
              -20.440888,
              -49.162092
            ],
            [
              -22.566653,
              -46.762939
            ],
            [
              -24.490362,
              -46.126315
            ],
            [
              -27.132964,
              -47.741284
            ],
            [
              -28.675965,
              -49.162092
            ],
            [
              -26.972909,
              -51.004705
            ],
            [
              -24.490362,
              -51.57316
            ],
            [
              -22.238348,
              -50.771982
            ],
            [
              -20.440888,
              -49.162092
            ]
          ]
        ]
      }
    },
    {
      "type": "Feature",
      "properties": {
        "iso2": "GY",
        "name": "Guyana"
      },
      "geometry": {
        "type": "Polygon",
        "coordinates": [
          [
            [
              -48.030346,
              44.293871
            ],
            [
              -50.563842,
              45.94018
            ],
            [
              -52.539847,
              47.349627
            ],
            [
              -54.734452,
              45.478307
            ],
            [
              -55.123392,
              44.293871
            ],
            [
              -55.436644,
              43.120564
            ],
            [
              -52.539847,
              41.709596
            ],
            [
              -49.357095,
              42.910275
            ],
            [
              -48.030346,
              44.293871
            ]
          ]
        ]
      }
    },
    {
      "type": "Feature",
      "properties": {
        "iso2": "HT",
        "name": "Haiti"
      },
      "geometry": {
        "type": "Polygon",
        "coordinates": [
          [
            [
              105.285381,
              -15.984288
            ],
            [
              105.780269,
              -13.774912
            ],
            [
              102.631818,
              -14.091633
            ],
            [
              99.945485,
              -13.878404
            ],
            [
              98.249279,
              -15.984288
            ],
            [
              99.6371,
              -17.556543
            ],
            [
              102.631818,
              -19.020676
            ],
            [
              104.770682,
              -17.813895
            ],
            [
              105.285381,
              -15.984288
            ]
          ]
        ]
      }
    },
    {
      "type": "Feature",
      "properties": {
        "iso2": "HM",
        "name": "Heard & McDonald Islands"
      },
      "geometry": {
        "type": "Polygon",
        "coordinates": [
          [
            [
              -94.747713,
              -21.059057
            ],
            [
              -96.001858,
              -18.96521
            ],
            [
              -99.048881,
              -18.157652
            ],
            [
              -102.14288,
              -18.917442
            ],
            [
              -102.211952,
              -21.059057
            ],
            [
              -101.620653,
              -23.35512
            ],
            [
              -99.048881,
              -24.157161
            ],
            [
              -96.66245,
              -22.140175
            ],
            [
              -94.747713,
              -21.059057
            ]
          ]
        ]
      }
    },
    {
      "type": "Feature",
      "properties": {
        "iso2": "HN",
        "name": "Honduras"
      },
      "geometry": {
        "type": "Polygon",
        "coordinates": [
          [
            [
              47.577721,
              47.36287
            ],
            [
              45.123519,
              49.01548
            ],
            [
              43.130014,
              49.380193
            ],
            [
              40.848443,
              49.383859
            ],
            [
              40.587269,
              47.36287
            ],
            [
              40.806857,
              45.079586
            ],
            [
              43.130014,
              44.833566
            ],
            [
              45.159049,
              45.488772
            ],
            [
              47.577721,
              47.36287
            ]
          ]
        ]
      }
    },
    {
      "type": "Feature",
      "properties": {
        "iso2": "HK",
        "name": "Hong Kong SAR China"
      },
      "geometry": {
        "type": "Polygon",
        "coordinates": [
          [
            [
              38.577364,
              -48.926833
            ],
            [
              38.317899,
              -47.455991
            ],
            [
              36.128586,
              -46.931868
            ],
            [
              34.31463,
              -46.795594
            ],
            [
              32.389905,
              -48.926833
            ],
            [
              34.050319,
              -50.01612
            ],
            [
              36.128586,
              -51.215242
            ],
            [
              37.854084,
              -51.113358
            ],
            [
              38.577364,
              -48.926833
            ]
          ]
        ]
      }
    },
    {
      "type": "Feature",
      "properties": {
        "iso2": "HU",
        "name": "Hungary"
      },
      "geometry": {
        "type": "Polygon",
        "coordinates": [
          [
            [
              -93.567877,
              24.675231
            ],
            [
              -95.110094,
              26.072527
            ],
            [
              -97.109421,
              27.152339
            ],
            [
              -98.916729,
              25.907479
            ],
            [
              -100.002054,
              24.675231
            ],
            [
              -99.455106,
              22.693005
            ],
            [
              -97.109421,
              22.014326
            ],
            [
              -95.25814,
              22.756621
            ],
            [
              -93.567877,
              24.675231
            ]
          ]
        ]
      }
    },
    {
      "type": "Feature",
      "properties": {
        "iso2": "IS",
        "name": "Iceland"
      },
      "geometry": {
        "type": "Polygon",
        "coordinates": [
          [
            [
              110.2154,
              12.844482
            ],
            [
              110.470505,
              13.9642
            ],
            [
              107.430065,
              15.629999
            ],
            [
              104.477292,
              14.470797
            ],
            [
              104.093997,
              12.844482
            ],
            [
              104.473203,
              10.515003
            ],
            [
              107.430065,
              10.86067
            ],
            [
              109.572994,
              11.736668
            ],
            [
              110.2154,
              12.844482
            ]
          ]
        ]
      }
    },
    {
      "type": "Feature",
      "properties": {
        "iso2": "IN",
        "name": "India"
      },
      "geometry": {
        "type": "Polygon",
        "coordinates": [
          [
            [
              -57.393213,
              -43.953213
            ],
            [
              -58.067289,
              -42.042835
            ],
            [
              -61.139715,
              -40.925392
            ],
            [
              -63.496156,
              -42.590792
            ],
            [
              -64.76582,
              -43.953213
            ],
            [
              -63.800685,
              -46.189222
            ],
            [
              -61.139715,
              -45.815378
            ],
            [
              -57.909518,
              -45.832612
            ],
            [
              -57.393213,
              -43.953213
            ]
          ]
        ]
      }
    },
    {
      "type": "Feature",
      "properties": {
        "iso2": "ID",
        "name": "Indonesia"
      },
      "geometry": {
        "type": "Polygon",
        "coordinates": [
          [
            [
              -15.349689,
              52.163563
            ],
            [
              -16.153113,
              54.116829
            ],
            [
              -17.876505,
              54.261257
            ],
            [
              -19.852619,
              53.247806
            ],
            [
              -21.847993,
              52.163563
            ],
            [
              -19.839096,
              50.856394
            ],
            [
              -17.876505,
              50.048941
            ],
            [
              -15.307468,
              50.651556
            ],
            [
              -15.349689,
              52.163563
            ]
          ]
        ]
      }
    },
    {
      "type": "Feature",
      "properties": {
        "iso2": "IR",
        "name": "Iran"
      },
      "geometry": {
        "type": "Polygon",
        "coordinates": [
          [
            [
              92.299319,
              -32.918644
            ],
            [
              91.074836,
              -31.609093
            ],
            [
              88.22005,
              -31.059583
            ],
            [
              85.422304,
              -31.224322
            ],
            [
              84.362772,
              -32.918644
            ],
            [
              86.577553,
              -34.238566
            ],
            [
              88.22005,
              -35.09926
            ],
            [
              90.226248,
              -34.754616
            ],
            [
              92.299319,
              -32.918644
            ]
          ]
        ]
      }
    },
    {
      "type": "Feature",
      "properties": {
        "iso2": "IQ",
        "name": "Iraq"
      },
      "geometry": {
        "type": "Polygon",
        "coordinates": [
          [
            [
              -108.338532,
              -3.885755
            ],
            [
              -109.777108,
              -2.243707
            ],
            [
              -112.671925,
              -1.601727
            ],
            [
              -115.15305,
              -1.669357
            ],
            [
              -117.201701,
              -3.885755
            ],
            [
              -114.309989,
              -5.430796
            ],
            [
              -112.671925,
              -6.750357
            ],
            [
              -109.960943,
              -5.464584
            ],
            [
              -108.338532,
              -3.885755
            ]
          ]
        ]
      }
    },
    {
      "type": "Feature",
      "properties": {
        "iso2": "IE",
        "name": "Ireland"
      },
      "geometry": {
        "type": "Polygon",
        "coordinates": [
          [
            [
              81.055085,
              38.988113
            ],
            [
              79.891206,
              41.203461
            ],
            [
              77.887206,
              41.253399
            ],
            [
              75.148818,
              41.274889
            ],
            [
              74.714848,
              38.988113
            ],
            [
              75.920215,
              37.290251
            ],
            [
              77.887206,
              36.592641
            ],
            [
              80.690105,
              37.233074
            ],
            [
              81.055085,
              38.988113
            ]
          ]
        ]
      }
    },
    {
      "type": "Feature",
      "properties": {
        "iso2": "IM",
        "name": "Isle of Man"
      },
      "geometry": {
        "type": "Polygon",
        "coordinates": [
          [
            [
              2.012714,
              -53.843054
            ],
            [
              0.31478,
              -52.317565
            ],
            [
              -1.668798,
              -52.153885
            ],
            [
              -3.894633,
              -51.892518
            ],
            [
              -5.778984,
              -53.843054
            ],
            [
              -4.582273,
              -55.055267
            ],
            [
              -1.668798,
              -56.42891
            ],
            [
              0.861925,
              -56.043901
            ],
            [
              2.012714,
              -53.843054
            ]
          ]
        ]
      }
    },
    {
      "type": "Feature",
      "properties": {
        "iso2": "IL",
        "name": "Israel"
      },
      "geometry": {
        "type": "Polygon",
        "coordinates": [
          [
            [
              -73.641413,
              40.42035
            ],
            [
              -73.244307,
              42.259849
            ],
            [
              -76.139347,
              42.383884
            ],
            [
              -78.923746,
              42.114434
            ],
            [
              -79.995594,
              40.42035
            ],
            [
              -79.261919,
              39.099041
            ],
            [
              -76.139347,
              38.639226
            ],
            [
              -74.55592,
              38.058419
            ],
            [
              -73.641413,
              40.42035
            ]
          ]
        ]
      }
    },
    {
      "type": "Feature",
      "properties": {
        "iso2": "IT",
        "name": "Italy"
      },
      "geometry": {
        "type": "Polygon",
        "coordinates": [
          [
            [
              117.856048,
              -5.542915
            ],
            [
              117.642443,
              -4.471606
            ],
            [
              114.483644,
              -2.896032
            ],
            [
              111.551076,
              -3.85169
            ],
            [
              112.11365,
              -5.542915
            ],
            [
              111.732009,
              -7.534043
            ],
            [
              114.483644,
              -7.565898
            ],
            [
              116.525015,
              -7.758386
            ],
            [
              117.856048,
              -5.542915
            ]
          ]
        ]
      }
    },
    {
      "type": "Feature",
      "properties": {
        "iso2": "JM",
        "name": "Jamaica"
      },
      "geometry": {
        "type": "Polygon",
        "coordinates": [
          [
            [
              -90.026081,
              -32.578074
            ],
            [
              -91.035676,
              -30.189517
            ],
            [
              -92.764342,
              -29.529209
            ],
            [
              -95.49762,
              -30.190106
            ],
            [
              -95.270014,
              -32.578074
            ],
            [
              -95.938801,
              -34.227542
            ],
            [
              -92.764342,
              -35.473686
            ],
            [
              -90.193603,
              -33.906153
            ],
            [
              -90.026081,
              -32.578074
            ]
          ]
        ]
      }
    },
    {
      "type": "Feature",
      "properties": {
        "iso2": "JP",
        "name": "Japan"
      },
      "geometry": {
        "type": "Polygon",
        "coordinates": [
          [
            [
              24.663997,
              53.853125
            ],
            [
              24.243303,
              55.200522
            ],
            [
              21.89821,
              55.936479
            ],
            [
              19.700952,
              55.525982
            ],
            [
              18.624707,
              53.853125
            ],
            [
              20.339855,
              52.498083
            ],
            [
              21.89821,
              51.550379
            ],
            [
              23.490873,
              52.269463
            ],
            [
              24.663997,
              53.853125
            ]
          ]
        ]
      }
    },
    {
      "type": "Feature",
      "properties": {
        "iso2": "JE",
        "name": "Jersey"
      },
      "geometry": {
        "type": "Polygon",
        "coordinates": [
          [
            [
              64.785385,
              -46.902738
            ],
            [
              64.202711,
              -45.672345
            ],
            [
              61.158359,
              -44.292758
            ],
            [
              58.34947,
              -45.244228
            ],
            [
              58.331415,
              -46.902738
            ],
            [
              59.575094,
              -48.740641
            ],
            [
              61.158359,
              -49.376968
            ],
            [
              63.833651,
              -48.222735
            ],
            [
              64.785385,
              -46.902738
            ]
          ]
        ]
      }
    },
    {
      "type": "Feature",
      "properties": {
        "iso2": "JO",
        "name": "Jordan"
      },
      "geometry": {
        "type": "Polygon",
        "coordinates": [
          [
            [
              -110.056425,
              15.142795
            ],
            [
              -109.944323,
              16.357724
            ],
            [
              -112.683609,
              17.465439
            ],
            [
              -115.27782,
              16.61877
            ],
            [
              -116.801774,
              15.142795
            ],
            [
              -115.070789,
              13.584576
            ],
            [
              -112.683609,
              13.581202
            ],
            [
              -109.693774,
              13.275754
            ],
            [
              -110.056425,
              15.142795
            ]
          ]
        ]
      }
    },
    {
      "type": "Feature",
      "properties": {
        "iso2": "KZ",
        "name": "Kazakhstan"
      },
      "geometry": {
        "type": "Polygon",
        "coordinates": [
          [
            [
              109.4789,
              24.886603
            ],
            [
              107.917114,
              26.980439
            ],
            [
              105.208826,
              27.32129
            ],
            [
              103.078867,
              27.010387
            ],
            [
              100.955239,
              24.886603
            ],
            [
              103.015383,
              23.379935
            ],
            [
              105.208826,
              21.846113
            ],
            [
              107.036582,
              23.005928
            ],
            [
              109.4789,
              24.886603
            ]
          ]
        ]
      }
    },
    {
      "type": "Feature",
      "properties": {
        "iso2": "KE",
        "name": "Kenya"
      },
      "geometry": {
        "type": "Polygon",
        "coordinates": [
          [
            [
              -38.608403,
              -52.135487
            ],
            [
              -40.154952,
              -50.264335
            ],
            [
              -42.160793,
              -50.604714
            ],
            [
              -43.897084,
              -50.462092
            ],
            [
              -46.247386,
              -52.135487
            ],
            [
              -45.122031,
              -54.283659
            ],
            [
              -42.160793,
              -54.839606
            ],
            [
              -39.920653,
              -54.331115
            ],
            [
              -38.608403,
              -52.135487
            ]
          ]
        ]
      }
    },
    {
      "type": "Feature",
      "properties": {
        "iso2": "KI",
        "name": "Kiribati"
      },
      "geometry": {
        "type": "Polygon",
        "coordinates": [
          [
            [
              -41.11678,
              52.11479
            ],
            [
              -42.042447,
              53.751119
            ],
            [
              -43.676204,
              55.45746
            ],
            [
              -46.663615,
              54.421365
            ],
            [
              -46.386078,
              52.11479
            ],
            [
              -45.820845,
              50.109744
            ],
            [
              -43.676204,
              49.36983
            ],
            [
              -42.086481,
              50.400082
            ],
            [
              -41.11678,
              52.11479
            ]
          ]
        ]
      }
    },
    {
      "type": "Feature",
      "properties": {
        "iso2": "KW",
        "name": "Kuwait"
      },
      "geometry": {
        "type": "Polygon",
        "coordinates": [
          [
            [
              109.446125,
              -24.600383
            ],
            [
              110.388313,
              -22.303082
            ],
            [
              107.208316,
              -21.285982
            ],
            [
              105.175923,
              -22.321237
            ],
            [
              102.988565,
              -24.600383
            ],
            [
              104.882825,
              -25.897331
            ],
            [
              107.208316,
              -26.602822
            ],
            [
              109.261893,
              -26.702789
            ],
            [
              109.446125,
              -24.600383
            ]
          ]
        ]
      }
    },
    {
      "type": "Feature",
      "properties": {
        "iso2": "KG",
        "name": "Kyrgyzstan"
      },
      "geometry": {
        "type": "Polygon",
        "coordinates": [
          [
            [
              -110.944579,
              -16.125814
            ],
            [
              -112.863714,
              -14.779344
            ],
            [
              -114.724748,
              -13.337796
            ],
            [
              -117.49806,
              -13.755309
            ],
            [
              -117.670045,
              -16.125814
            ],
            [
              -117.290596,
              -17.803145
            ],
            [
              -114.724748,
              -17.943595
            ],
            [
              -112.965074,
              -17.550568
            ],
            [
              -110.944579,
              -16.125814
            ]
          ]
        ]
      }
    },
    {
      "type": "Feature",
      "properties": {
        "iso2": "LA",
        "name": "Laos"
      },
      "geometry": {
        "type": "Polygon",
        "coordinates": [
          [
            [
              65.353421,
              48.689044
            ],
            [
              63.712337,
              50.846827
            ],
            [
              61.785264,
              51.22093
            ],
            [
              58.691784,
              50.622538
            ],
            [
              58.949502,
              48.689044
            ],
            [
              58.878465,
              46.547144
            ],
            [
              61.785264,
              45.563933
            ],
            [
              63.56329,
              46.653165
            ],
            [
              65.353421,
              48.689044
            ]
          ]
        ]
      }
    },
    {
      "type": "Feature",
      "properties": {
        "iso2": "LV",
        "name": "Latvia"
      },
      "geometry": {
        "type": "Polygon",
        "coordinates": [
          [
            [
              26.998608,
              -55.841372
            ],
            [
              25.816256,
              -54.401487
            ],
            [
              24.188875,
              -53.264018
            ],
            [
              21.441914,
              -54.380316
            ],
            [
              20.241441,
              -55.841372
            ],
            [
              21.185316,
              -57.897537
            ],
            [
              24.188875,
              -57.438691
            ],
            [
              25.769787,
              -57.886233
            ],
            [
              26.998608,
              -55.841372
            ]
          ]
        ]
      }
    },
    {
      "type": "Feature",
      "properties": {
        "iso2": "LB",
        "name": "Lebanon"
      },
      "geometry": {
        "type": "Polygon",
        "coordinates": [
          [
            [
              -93.867039,
              33.597865
            ],
            [
              -95.723316,
              35.546156
            ],
            [
              -98.117364,
              35.23727
            ],
            [
              -99.889409,
              35.894597
            ],
            [
              -102.265331,
              33.597865
            ],
            [
              -100.655531,
              32.163377
            ],
            [
              -98.117364,
              31.450848
            ],
            [
              -95.174811,
              31.845858
            ],
            [
              -93.867039,
              33.597865
            ]
          ]
        ]
      }
    },
    {
      "type": "Feature",
      "properties": {
        "iso2": "LS",
        "name": "Lesotho"
      },
      "geometry": {
        "type": "Polygon",
        "coordinates": [
          [
            [
              123.688083,
              6.550288
            ],
            [
              123.028682,
              8.645888
            ],
            [
              120.901229,
              8.735839
            ],
            [
              117.914208,
              8.701502
            ],
            [
              118.660415,
              6.550288
            ],
            [
              117.808687,
              4.251002
            ],
            [
              120.901229,
              3.296681
            ],
            [
              123.921982,
              5.080912
            ],
            [
              123.688083,
              6.550288
            ]
          ]
        ]
      }
    },
    {
      "type": "Feature",
      "properties": {
        "iso2": "LR",
        "name": "Liberia"
      },
      "geometry": {
        "type": "Polygon",
        "coordinates": [
          [
            [
              -77.444685,
              -43.571284
            ],
            [
              -78.149101,
              -42.477445
            ],
            [
              -80.102592,
              -40.723987
            ],
            [
              -82.574063,
              -41.452069
            ],
            [
              -83.63618,
              -43.571284
            ],
            [
              -82.106358,
              -45.202041
            ],
            [
              -80.102592,
              -46.662902
            ],
            [
              -77.576772,
              -45.143748
            ],
            [
              -77.444685,
              -43.571284
            ]
          ]
        ]
      }
    },
    {
      "type": "Feature",
      "properties": {
        "iso2": "LY",
        "name": "Libya"
      },
      "geometry": {
        "type": "Polygon",
        "coordinates": [
          [
            [
              -0.499262,
              57.911467
            ],
            [
              -0.964542,
              60.251207
            ],
            [
              -3.274511,
              61.060128
            ],
            [
              -6.363808,
              59.296247
            ],
            [
              -6.977337,
              57.911467
            ],
            [
              -6.389012,
              55.76703
            ],
            [
              -3.274511,
              55.802958
            ],
            [
              -0.715269,
              56.637623
            ],
            [
              -0.499262,
              57.911467
            ]
          ]
        ]
      }
    },
    {
      "type": "Feature",
      "properties": {
        "iso2": "LI",
        "name": "Liechtenstein"
      },
      "geometry": {
        "type": "Polygon",
        "coordinates": [
          [
            [
              89.645099,
              -41.823903
            ],
            [
              88.780765,
              -39.671243
            ],
            [
              85.594319,
              -38.695767
            ],
            [
              83.843764,
              -40.26613
            ],
            [
              82.80397,
              -41.823903
            ],
            [
              82.96544,
              -43.612729
            ],
            [
              85.594319,
              -44.749285
            ],
            [
              88.685519,
              -43.500641
            ],
            [
              89.645099,
              -41.823903
            ]
          ]
        ]
      }
    },
    {
      "type": "Feature",
      "properties": {
        "iso2": "LT",
        "name": "Lithuania"
      },
      "geometry": {
        "type": "Polygon",
        "coordinates": [
          [
            [
              -121.014209,
              3.550645
            ],
            [
              -121.45878,
              5.629246
            ],
            [
              -123.42849,
              6.836635
            ],
            [
              -125.471017,
              4.888382
            ],
            [
              -127.740746,
              3.550645
            ],
            [
              -125.991253,
              1.204418
            ],
            [
              -123.42849,
              0.764619
            ],
            [
              -120.677915,
              1.617553
            ],
            [
              -121.014209,
              3.550645
            ]
          ]
        ]
      }
    },
    {
      "type": "Feature",
      "properties": {
        "iso2": "LU",
        "name": "Luxembourg"
      },
      "geometry": {
        "type": "Polygon",
        "coordinates": [
          [
            [
              99.091792,
              36.897688
            ],
            [
              99.019951,
              38.653259
            ],
            [
              96.468918,
              39.719909
            ],
            [
              94.400737,
              39.245155
            ],
            [
              92.95942,
              36.897688
            ],
            [
              94.716858,
              34.963948
            ],
            [
              96.468918,
              35.009552
            ],
            [
              99.144108,
              35.512895
            ],
            [
              99.091792,
              36.897688
            ]
          ]
        ]
      }
    },
    {
      "type": "Feature",
      "properties": {
        "iso2": "MO",
        "name": "Macao SAR China"
      },
      "geometry": {
        "type": "Polygon",
        "coordinates": [
          [
            [
              -14.095919,
              -58.205049
            ],
            [
              -16.309129,
              -57.104337
            ],
            [
              -18.424431,
              -55.839342
            ],
            [
              -20.336354,
              -55.965472
            ],
            [
              -22.774256,
              -58.205049
            ],
            [
              -20.452063,
              -60.530596
            ],
            [
              -18.424431,
              -59.833444
            ],
            [
              -16.802472,
              -59.796745
            ],
            [
              -14.095919,
              -58.205049
            ]
          ]
        ]
      }
    },
    {
      "type": "Feature",
      "properties": {
        "iso2": "MG",
        "name": "Madagascar"
      },
      "geometry": {
        "type": "Polygon",
        "coordinates": [
          [
            [
              -66.859528,
              48.98441
            ],
            [
              -67.978402,
              50.199328
            ],
            [
              -69.943345,
              51.131616
            ],
            [
              -73.171551,
              51.174635
            ],
            [
              -72.807217,
              48.98441
            ],
            [
              -71.520305,
              47.8887
            ],
            [
              -69.943345,
              46.43956
            ],
            [
              -68.24642,
              47.509488
            ],
            [
              -66.859528,
              48.98441
            ]
          ]
        ]
      }
    },
    {
      "type": "Feature",
      "properties": {
        "iso2": "MW",
        "name": "Malawi"
      },
      "geometry": {
        "type": "Polygon",
        "coordinates": [
          [
            [
              125.789876,
              -13.861954
            ],
            [
              124.445375,
              -11.950257
            ],
            [
              122.110762,
              -10.891204
            ],
            [
              120.131032,
              -11.982324
            ],
            [
              119.761888,
              -13.861954
            ],
            [
              119.203213,
              -15.451707
            ],
            [
              122.110762,
              -16.52923
            ],
            [
              124.589696,
              -15.485439
            ],
            [
              125.789876,
              -13.861954
            ]
          ]
        ]
      }
    },
    {
      "type": "Feature",
      "properties": {
        "iso2": "MY",
        "name": "Malaysia"
      },
      "geometry": {
        "type": "Polygon",
        "coordinates": [
          [
            [
              -107.005132,
              -28.839151
            ],
            [
              -107.536793,
              -26.545185
            ],
            [
              -110.28806,
              -25.759139
            ],
            [
              -112.400884,
              -26.944679
            ],
            [
              -113.663564,
              -28.839151
            ],
            [
              -113.437339,
              -31.192699
            ],
            [
              -110.28806,
              -30.991626
            ],
            [
              -107.239597,
              -30.54988
            ],
            [
              -107.005132,
              -28.839151
            ]
          ]
        ]
      }
    },
    {
      "type": "Feature",
      "properties": {
        "iso2": "MV",
        "name": "Maldives"
      },
      "geometry": {
        "type": "Polygon",
        "coordinates": [
          [
            [
              44.478733,
              56.658349
            ],
            [
              42.708205,
              58.376366
            ],
            [
              40.221513,
              59.687083
            ],
            [
              37.489208,
              58.880143
            ],
            [
              37.10674,
              56.658349
            ],
            [
              37.945691,
              54.637515
            ],
            [
              40.221513,
              53.912891
            ],
            [
              42.774631,
              55.530131
            ],
            [
              44.478733,
              56.658349
            ]
          ]
        ]
      }
    },
    {
      "type": "Feature",
      "properties": {
        "iso2": "ML",
        "name": "Mali"
      },
      "geometry": {
        "type": "Polygon",
        "coordinates": [
          [
            [
              55.92488,
              -54.812932
            ],
            [
              54.593333,
              -52.592854
            ],
            [
              51.581675,
              -51.70752
            ],
            [
              48.357631,
              -52.441697
            ],
            [
              47.086179,
              -54.812932
            ],
            [
              50.022846,
              -55.982737
            ],
            [
              51.581675,
              -58.017822
            ],
            [
              54.235953,
              -55.933926
            ],
            [
              55.92488,
              -54.812932
            ]
          ]
        ]
      }
    },
    {
      "type": "Feature",
      "properties": {
        "iso2": "MT",
        "name": "Malta"
      },
      "geometry": {
        "type": "Polygon",
        "coordinates": [
          [
            [
              -114.158924,
              24.052999
            ],
            [
              -115.298972,
              25.713077
            ],
            [
              -116.875559,
              25.758781
            ],
            [
              -119.793221,
              25.232582
            ],
            [
              -119.666417,
              24.052999
            ],
            [
              -119.786125,
              21.915774
            ],
            [
              -116.875559,
              21.907193
            ],
            [
              -115.107598,
              22.178234
            ],
            [
              -114.158924,
              24.052999
            ]
          ]
        ]
      }
    },
    {
      "type": "Feature",
      "properties": {
        "iso2": "MH",
        "name": "Marshall Islands"
      },
      "geometry": {
        "type": "Polygon",
        "coordinates": [
          [
            [
              125.355064,
              19.617467
            ],
            [
              124.021703,
              21.716007
            ],
            [
              121.032808,
              22.902672
            ],
            [
              119.024467,
              20.774468
            ],
            [
              118.362724,
              19.617467
            ],
            [
              118.63938,
              18.382118
            ],
            [
              121.032808,
              16.27142
            ],
            [
              123.618651,
              18.036485
            ],
            [
              125.355064,
              19.617467
            ]
          ]
        ]
      }
    },
    {
      "type": "Feature",
      "properties": {
        "iso2": "MQ",
        "name": "Martinique"
      },
      "geometry": {
        "type": "Polygon",
        "coordinates": [
          [
            [
              -58.614683,
              -53.267302
            ],
            [
              -59.842438,
              -52.113722
            ],
            [
              -61.408548,
              -50.077022
            ],
            [
              -63.257929,
              -52.013498
            ],
            [
              -65.422329,
              -53.267302
            ],
            [
              -64.397503,
              -54.650149
            ],
            [
              -61.408548,
              -55.964752
            ],
            [
              -58.688176,
              -54.950888
            ],
            [
              -58.614683,
              -53.267302
            ]
          ]
        ]
      }
    },
    {
      "type": "Feature",
      "properties": {
        "iso2": "MR",
        "name": "Mauritania"
      },
      "geometry": {
        "type": "Polygon",
        "coordinates": [
          [
            [
              -27.955144,
              59.080292
            ],
            [
              -29.259599,
              61.248154
            ],
            [
              -31.028087,
              61.101223
            ],
            [
              -33.738104,
              61.473358
            ],
            [
              -34.953087,
              59.080292
            ],
            [
              -33.114022,
              57.862569
            ],
            [
              -31.028087,
              56.432022
            ],
            [
              -28.745566,
              57.575266
            ],
            [
              -27.955144,
              59.080292
            ]
          ]
        ]
      }
    },
    {
      "type": "Feature",
      "properties": {
        "iso2": "MU",
        "name": "Mauritius"
      },
      "geometry": {
        "type": "Polygon",
        "coordinates": [
          [
            [
              112.199619,
              -33.788342
            ],
            [
              110.353868,
              -32.465106
            ],
            [
              107.778945,
              -30.974427
            ],
            [
              106.101207,
              -31.660618
            ],
            [
              105.446053,
              -33.788342
            ],
            [
              105.842266,
              -36.13546
            ],
            [
              107.778945,
              -35.323136
            ],
            [
              109.774135,
              -35.509804
            ],
            [
              112.199619,
              -33.788342
            ]
          ]
        ]
      }
    },
    {
      "type": "Feature",
      "properties": {
        "iso2": "YT",
        "name": "Mayotte"
      },
      "geometry": {
        "type": "Polygon",
        "coordinates": [
          [
            [
              -124.422717,
              -9.499007
            ],
            [
              -126.225573,
              -7.551223
            ],
            [
              -128.264283,
              -6.609662
            ],
            [
              -131.36274,
              -7.317397
            ],
            [
              -132.621565,
              -9.499007
            ],
            [
              -130.506193,
              -10.850114
            ],
            [
              -128.264283,
              -11.424168
            ],
            [
              -125.20653,
              -11.494452
            ],
            [
              -124.422717,
              -9.499007
            ]
          ]
        ]
      }
    },
    {
      "type": "Feature",
      "properties": {
        "iso2": "MX",
        "name": "Mexico"
      },
      "geometry": {
        "type": "Polygon",
        "coordinates": [
          [
            [
              84.312986,
              48.089041
            ],
            [
              84.345861,
              50.058382
            ],
            [
              81.278972,
              49.60438
            ],
            [
              78.655311,
              49.4166
            ],
            [
              77.08612,
              48.089041
            ],
            [
              79.373154,
              46.465513
            ],
            [
              81.278972,
              46.2551
            ],
            [
              83.082084,
              46.539102
            ],
            [
              84.312986,
              48.089041
            ]
          ]
        ]
      }
    },
    {
      "type": "Feature",
      "properties": {
        "iso2": "FM",
        "name": "Micronesia"
      },
      "geometry": {
        "type": "Polygon",
        "coordinates": [
          [
            [
              13.006152,
              -61.603148
            ],
            [
              10.834233,
              -59.462141
            ],
            [
              8.887735,
              -59.679823
            ],
            [
              6.171864,
              -60.000859
            ],
            [
              5.502273,
              -61.603148
            ],
            [
              6.251228,
              -63.329088
            ],
            [
              8.887735,
              -63.250882
            ],
            [
              10.609761,
              -63.940834
            ],
            [
              13.006152,
              -61.603148
            ]
          ]
        ]
      }
    },
    {
      "type": "Feature",
      "properties": {
        "iso2": "MD",
        "name": "Moldova"
      },
      "geometry": {
        "type": "Polygon",
        "coordinates": [
          [
            [
              -90.963618,
              42.73892
            ],
            [
              -93.37568,
              43.804501
            ],
            [
              -95.006539,
              45.614721
            ],
            [
              -98.076845,
              44.78817
            ],
            [
              -98.272477,
              42.73892
            ],
            [
              -97.608772,
              40.923444
            ],
            [
              -95.006539,
              39.445563
            ],
            [
              -93.258577,
              40.804368
            ],
            [
              -90.963618,
              42.73892
            ]
          ]
        ]
      }
    },
    {
      "type": "Feature",
      "properties": {
        "iso2": "MC",
        "name": "Monaco"
      },
      "geometry": {
        "type": "Polygon",
        "coordinates": [
          [
            [
              134.208876,
              -1.213239
            ],
            [
              134.273136,
              0.262483
            ],
            [
              131.648664,
              0.855104
            ],
            [
              129.617852,
              0.231952
            ],
            [
              128.175614,
              -1.213239
            ],
            [
              129.882173,
              -3.485623
            ],
            [
              131.648664,
              -4.073489
            ],
            [
              133.26205,
              -3.307799
            ],
            [
              134.208876,
              -1.213239
            ]
          ]
        ]
      }
    },
    {
      "type": "Feature",
      "properties": {
        "iso2": "MN",
        "name": "Mongolia"
      },
      "geometry": {
        "type": "Polygon",
        "coordinates": [
          [
            [
              -94.903797,
              -41.241345
            ],
            [
              -96.19153,
              -39.568346
            ],
            [
              -99.151598,
              -38.088929
            ],
            [
              -102.048278,
              -39.072203
            ],
            [
              -103.281205,
              -41.241345
            ],
            [
              -101.276537,
              -43.470807
            ],
            [
              -99.151598,
              -43.682407
            ],
            [
              -96.288371,
              -42.334147
            ],
            [
              -94.903797,
              -41.241345
            ]
          ]
        ]
      }
    },
    {
      "type": "Feature",
      "properties": {
        "iso2": "ME",
        "name": "Montenegro"
      },
      "geometry": {
        "type": "Polygon",
        "coordinates": [
          [
            [
              17.212855,
              62.251168
            ],
            [
              17.216705,
              63.599259
            ],
            [
              14.166217,
              63.785297
            ],
            [
              11.813478,
              63.42425
            ],
            [
              10.851235,
              62.251168
            ],
            [
              11.944692,
              61.095427
            ],
            [
              14.166217,
              60.256969
            ],
            [
              17.307143,
              60.529061
            ],
            [
              17.212855,
              62.251168
            ]
          ]
        ]
      }
    },
    {
      "type": "Feature",
      "properties": {
        "iso2": "MS",
        "name": "Montserrat"
      },
      "geometry": {
        "type": "Polygon",
        "coordinates": [
          [
            [
              82.601084,
              -50.593215
            ],
            [
              81.508465,
              -48.402684
            ],
            [
              78.870182,
              -48.173058
            ],
            [
              76.583721,
              -48.715509
            ],
            [
              75.241899,
              -50.593215
            ],
            [
              77.276587,
              -52.93994
            ],
            [
              78.870182,
              -53.307933
            ],
            [
              81.087231,
              -52.351774
            ],
            [
              82.601084,
              -50.593215
            ]
          ]
        ]
      }
    },
    {
      "type": "Feature",
      "properties": {
        "iso2": "MA",
        "name": "Morocco"
      },
      "geometry": {
        "type": "Polygon",
        "coordinates": [
          [
            [
              -127.795285,
              12.18898
            ],
            [
              -128.086546,
              14.422512
            ],
            [
              -130.970702,
              15.440784
            ],
            [
              -132.759551,
              13.666809
            ],
            [
              -133.660024,
              12.18898
            ],
            [
              -133.149365,
              10.043155
            ],
            [
              -130.970702,
              9.18625
            ],
            [
              -128.474847,
              10.498402
            ],
            [
              -127.795285,
              12.18898
            ]
          ]
        ]
      }
    },
    {
      "type": "Feature",
      "properties": {
        "iso2": "MZ",
        "name": "Mozambique"
      },
      "geometry": {
        "type": "Polygon",
        "coordinates": [
          [
            [
              118.180363,
              32.900049
            ],
            [
              116.170959,
              34.830137
            ],
            [
              114.393965,
              34.693176
            ],
            [
              112.827881,
              34.075166
            ],
            [
              110.607746,
              32.900049
            ],
            [
              111.200448,
              31.230186
            ],
            [
              114.393965,
              30.056457
            ],
            [
              116.613503,
              31.263291
            ],
            [
              118.180363,
              32.900049
            ]
          ]
        ]
      }
    },
    {
      "type": "Feature",
      "properties": {
        "iso2": "MM",
        "name": "Myanmar (Burma)"
      },
      "geometry": {
        "type": "Polygon",
        "coordinates": [
          [
            [
              -34.786146,
              -60.952549
            ],
            [
              -34.831726,
              -59.625253
            ],
            [
              -37.413594,
              -59.202024
            ],
            [
              -39.136716,
              -59.597136
            ],
            [
              -40.408036,
              -60.952549
            ],
            [
              -39.29136,
              -62.834798
            ],
            [
              -37.413594,
              -63.894529
            ],
            [
              -35.711318,
              -63.009481
            ],
            [
              -34.786146,
              -60.952549
            ]
          ]
        ]
      }
    },
    {
      "type": "Feature",
      "properties": {
        "iso2": "NA",
        "name": "Namibia"
      },
      "geometry": {
        "type": "Polygon",
        "coordinates": [
          [
            [
              -57.230706,
              57.068039
            ],
            [
              -57.444527,
              58.814705
            ],
            [
              -59.800299,
              59.021968
            ],
            [
              -62.295849,
              58.383299
            ],
            [
              -64.285901,
              57.068039
            ],
            [
              -61.866677,
              55.13428
            ],
            [
              -59.800299,
              53.925026
            ],
            [
              -58.175845,
              54.890025
            ],
            [
              -57.230706,
              57.068039
            ]
          ]
        ]
      }
    },
    {
      "type": "Feature",
      "properties": {
        "iso2": "NR",
        "name": "Nauru"
      },
      "geometry": {
        "type": "Polygon",
        "coordinates": [
          [
            [
              130.195363,
              -23.081055
            ],
            [
              127.944659,
              -21.443693
            ],
            [
              126.143488,
              -20.522945
            ],
            [
              124.386846,
              -21.52654
            ],
            [
              121.814689,
              -23.081055
            ],
            [
              124.048164,
              -25.293875
            ],
            [
              126.143488,
              -25.07629
            ],
            [
              129.35572,
              -25.354248
            ],
            [
              130.195363,
              -23.081055
            ]
          ]
        ]
      }
    },
    {
      "type": "Feature",
      "properties": {
        "iso2": "NP",
        "name": "Nepal"
      },
      "geometry": {
        "type": "Polygon",
        "coordinates": [
          [
            [
              -123.150362,
              -23.294441
            ],
            [
              -123.591983,
              -21.0518
            ],
            [
              -126.444472,
              -21.214852
            ],
            [
              -129.106646,
              -22.003502
            ],
            [
              -130.960901,
              -23.294441
            ],
            [
              -129.651763,
              -25.558145
            ],
            [
              -126.444472,
              -25.21197
            ],
            [
              -124.12095,
              -24.943547
            ],
            [
              -123.150362,
              -23.294441
            ]
          ]
        ]
      }
    },
    {
      "type": "Feature",
      "properties": {
        "iso2": "NL",
        "name": "Netherlands"
      },
      "geometry": {
        "type": "Polygon",
        "coordinates": [
          [
            [
              63.942712,
              57.697682
            ],
            [
              62.704145,
              60.054444
            ],
            [
              60.110165,
              59.548155
            ],
            [
              57.026679,
              59.024597
            ],
            [
              56.755011,
              57.697682
            ],
            [
              57.2747,
              55.639247
            ],
            [
              60.110165,
              55.592265
            ],
            [
              62.495882,
              55.966926
            ],
            [
              63.942712,
              57.697682
            ]
          ]
        ]
      }
    },
    {
      "type": "Feature",
      "properties": {
        "iso2": "NC",
        "name": "New Caledonia"
      },
      "geometry": {
        "type": "Polygon",
        "coordinates": [
          [
            [
              42.200866,
              -61.918568
            ],
            [
              39.933257,
              -60.15259
            ],
            [
              38.334146,
              -60.14248
            ],
            [
              35.535991,
              -60.702117
            ],
            [
              35.93068,
              -61.918568
            ],
            [
              35.263306,
              -63.550277
            ],
            [
              38.334146,
              -63.987672
            ],
            [
              40.77913,
              -64.291032
            ],
            [
              42.200866,
              -61.918568
            ]
          ]
        ]
      }
    },
    {
      "type": "Feature",
      "properties": {
        "iso2": "NZ",
        "name": "New Zealand"
      },
      "geometry": {
        "type": "Polygon",
        "coordinates": [
          [
            [
              -112.898104,
              33.536603
            ],
            [
              -115.559181,
              35.245017
            ],
            [
              -117.214114,
              36.475475
            ],
            [
              -119.821163,
              35.532739
            ],
            [
              -121.104241,
              33.536603
            ],
            [
              -118.978038,
              31.56421
            ],
            [
              -117.214114,
              31.268873
            ],
            [
              -115.573701,
              31.334785
            ],
            [
              -112.898104,
              33.536603
            ]
          ]
        ]
      }
    },
    {
      "type": "Feature",
      "properties": {
        "iso2": "NI",
        "name": "Nicaragua"
      },
      "geometry": {
        "type": "Polygon",
        "coordinates": [
          [
            [
              137.858233,
              12.700803
            ],
            [
              137.323523,
              15.087794
            ],
            [
              134.832563,
              16.03858
            ],
            [
              132.092566,
              14.261556
            ],
            [
              132.579829,
              12.700803
            ],
            [
              132.4262,
              11.600955
            ],
            [
              134.832563,
              9.610631
            ],
            [
              137.997487,
              10.397269
            ],
            [
              137.858233,
              12.700803
            ]
          ]
        ]
      }
    },
    {
      "type": "Feature",
      "properties": {
        "iso2": "NE",
        "name": "Niger"
      },
      "geometry": {
        "type": "Polygon",
        "coordinates": [
          [
            [
              -78.378108,
              -52.540806
            ],
            [
              -79.544056,
              -51.393133
            ],
            [
              -81.51183,
              -49.831703
            ],
            [
              -84.274791,
              -50.646983
            ],
            [
              -85.449718,
              -52.540806
            ],
            [
              -84.724604,
              -54.224162
            ],
            [
              -81.51183,
              -54.968938
            ],
            [
              -79.758664,
              -53.731277
            ],
            [
              -78.378108,
              -52.540806
            ]
          ]
        ]
      }
    },
    {
      "type": "Feature",
      "properties": {
        "iso2": "NG",
        "name": "Nigeria"
      },
      "geometry": {
        "type": "Polygon",
        "coordinates": [
          [
            [
              -12.349137,
              64.947282
            ],
            [
              -12.14188,
              66.352312
            ],
            [
              -15.100272,
              67.965159
            ],
            [
              -18.347718,
              66.086976
            ],
            [
              -17.919347,
              64.947282
            ],
            [
              -18.114986,
              62.821115
            ],
            [
              -15.100272,
              62.781191
            ],
            [
              -13.502993,
              63.567887
            ],
            [
              -12.349137,
              64.947282
            ]
          ]
        ]
      }
    },
    {
      "type": "Feature",
      "properties": {
        "iso2": "NU",
        "name": "Niue"
      },
      "geometry": {
        "type": "Polygon",
        "coordinates": [
          [
            [
              107.532683,
              -43.208636
            ],
            [
              106.34147,
              -41.06515
            ],
            [
              104.364964,
              -40.861451
            ],
            [
              102.009547,
              -41.437115
            ],
            [
              100.235269,
              -43.208636
            ],
            [
              101.408776,
              -44.526157
            ],
            [
              104.364964,
              -46.589145
            ],
            [
              107.133032,
              -44.889588
            ],
            [
              107.532683,
              -43.208636
            ]
          ]
        ]
      }
    },
    {
      "type": "Feature",
      "properties": {
        "iso2": "NF",
        "name": "Norfolk Island"
      },
      "geometry": {
        "type": "Polygon",
        "coordinates": [
          [
            [
              -136.479203,
              -1.434254
            ],
            [
              -137.201239,
              0.458592
            ],
            [
              -139.196231,
              0.612508
            ],
            [
              -142.196881,
              0.809366
            ],
            [
              -141.646968,
              -1.434254
            ],
            [
              -141.521959,
              -3.661803
            ],
            [
              -139.196231,
              -3.408531
            ],
            [
              -136.286582,
              -2.826384
            ],
            [
              -136.479203,
              -1.434254
            ]
          ]
        ]
      }
    },
    {
      "type": "Feature",
      "properties": {
        "iso2": "KP",
        "name": "North Korea"
      },
      "geometry": {
        "type": "Polygon",
        "coordinates": [
          [
            [
              103.439127,
              45.599558
            ],
            [
              103.915615,
              46.665027
            ],
            [
              100.89924,
              48.294028
            ],
            [
              97.663851,
              47.841506
            ],
            [
              98.285847,
              45.599558
            ],
            [
              99.086465,
              44.407518
            ],
            [
              100.89924,
              43.048445
            ],
            [
              102.464367,
              44.414478
            ],
            [
              103.439127,
              45.599558
            ]
          ]
        ]
      }
    },
    {
      "type": "Feature",
      "properties": {
        "iso2": "MK",
        "name": "North Macedonia"
      },
      "geometry": {
        "type": "Polygon",
        "coordinates": [
          [
            [
              -6.392512,
              -66.011489
            ],
            [
              -6.219259,
              -63.747707
            ],
            [
              -9.200336,
              -64.078122
            ],
            [
              -11.15142,
              -64.57656
            ],
            [
              -12.591003,
              -66.011489
            ],
            [
              -12.144483,
              -68.340644
            ],
            [
              -9.200336,
              -68.561297
            ],
            [
              -7.484586,
              -68.211209
            ],
            [
              -6.392512,
              -66.011489
            ]
          ]
        ]
      }
    },
    {
      "type": "Feature",
      "properties": {
        "iso2": "MP",
        "name": "Northern Mariana Islands"
      },
      "geometry": {
        "type": "Polygon",
        "coordinates": [
          [
            [
              -84.576075,
              51.767624
            ],
            [
              -85.892819,
              53.028905
            ],
            [
              -87.910525,
              54.374753
            ],
            [
              -89.55876,
              53.894747
            ],
            [
              -91.919527,
              51.767624
            ],
            [
              -90.646185,
              50.560021
            ],
            [
              -87.910525,
              49.32034
            ],
            [
              -86.074759,
              49.488781
            ],
            [
              -84.576075,
              51.767624
            ]
          ]
        ]
      }
    },
    {
      "type": "Feature",
      "properties": {
        "iso2": "NO",
        "name": "Norway"
      },
      "geometry": {
        "type": "Polygon",
        "coordinates": [
          [
            [
              143.780805,
              -10.160838
            ],
            [
              141.636219,
              -8.803634
            ],
            [
              139.296237,
              -8.591665
            ],
            [
              136.62585,
              -8.038047
            ],
            [
              136.43023,
              -10.160838
            ],
            [
              137.426063,
              -12.24392
            ],
            [
              139.296237,
              -12.280301
            ],
            [
              141.909239,
              -11.656476
            ],
            [
              143.780805,
              -10.160838
            ]
          ]
        ]
      }
    },
    {
      "type": "Feature",
      "properties": {
        "iso2": "OM",
        "name": "Oman"
      },
      "geometry": {
        "type": "Polygon",
        "coordinates": [
          [
            [
              -113.21132,
              -37.052413
            ],
            [
              -115.741528,
              -35.689927
            ],
            [
              -117.602039,
              -34.254364
            ],
            [
              -119.22845,
              -34.9255
            ],
            [
              -121.131002,
              -37.052413
            ],
            [
              -120.256232,
              -38.39693
            ],
            [
              -117.602039,
              -39.346289
            ],
            [
              -114.568672,
              -38.627609
            ],
            [
              -113.21132,
              -37.052413
            ]
          ]
        ]
      }
    },
    {
      "type": "Feature",
      "properties": {
        "iso2": "PK",
        "name": "Pakistan"
      },
      "geometry": {
        "type": "Polygon",
        "coordinates": [
          [
            [
              37.571588,
              65.029165
            ],
            [
              35.468752,
              66.352021
            ],
            [
              33.815856,
              66.592616
            ],
            [
              31.774623,
              66.705415
            ],
            [
              30.489668,
              65.029165
            ],
            [
              31.91943,
              63.01636
            ],
            [
              33.815856,
              62.676654
            ],
            [
              35.677141,
              63.68557
            ],
            [
              37.571588,
              65.029165
            ]
          ]
        ]
      }
    },
    {
      "type": "Feature",
      "properties": {
        "iso2": "PW",
        "name": "Palau"
      },
      "geometry": {
        "type": "Polygon",
        "coordinates": [
          [
            [
              72.851258,
              -58.912713
            ],
            [
              70.926365,
              -57.658943
            ],
            [
              68.289757,
              -56.939591
            ],
            [
              66.670828,
              -57.840686
            ],
            [
              64.577542,
              -58.912713
            ],
            [
              65.432877,
              -60.03072
            ],
            [
              68.289757,
              -61.758608
            ],
            [
              71.094983,
              -60.581179
            ],
            [
              72.851258,
              -58.912713
            ]
          ]
        ]
      }
    },
    {
      "type": "Feature",
      "properties": {
        "iso2": "PS",
        "name": "Palestinian Territories"
      },
      "geometry": {
        "type": "Polygon",
        "coordinates": [
          [
            [
              -130.487107,
              21.72159
            ],
            [
              -132.37926,
              23.959666
            ],
            [
              -135.026513,
              23.812562
            ],
            [
              -136.798608,
              23.043546
            ],
            [
              -137.419135,
              21.72159
            ],
            [
              -138.214973,
              19.489249
            ],
            [
              -135.026513,
              19.405994
            ],
            [
              -133.064546,
              20.515819
            ],
            [
              -130.487107,
              21.72159
            ]
          ]
        ]
      }
    },
    {
      "type": "Feature",
      "properties": {
        "iso2": "PA",
        "name": "Panama"
      },
      "geometry": {
        "type": "Polygon",
        "coordinates": [
          [
            [
              134.816515,
              27.134063
            ],
            [
              133.81719,
              28.819984
            ],
            [
              131.021925,
              30.321171
            ],
            [
              129.079507,
              29.012608
            ],
            [
              126.944741,
              27.134063
            ],
            [
              129.044056,
              25.680869
            ],
            [
              131.021925,
              24.478628
            ],
            [
              132.728865,
              25.276876
            ],
            [
              134.816515,
              27.134063
            ]
          ]
        ]
      }
    },
    {
      "type": "Feature",
      "properties": {
        "iso2": "PG",
        "name": "Papua New Guinea"
      },
      "geometry": {
        "type": "Polygon",
        "coordinates": [
          [
            [
              -54.363273,
              -61.982889
            ],
            [
              -55.229703,
              -60.202699
            ],
            [
              -57.967312,
              -59.17247
            ],
            [
              -59.910431,
              -60.027498
            ],
            [
              -61.251784,
              -61.982889
            ],
            [
              -61.156698,
              -64.110014
            ],
            [
              -57.967312,
              -64.789151
            ],
            [
              -55.417614,
              -64.055424
            ],
            [
              -54.363273,
              -61.982889
            ]
          ]
        ]
      }
    },
    {
      "type": "Feature",
      "properties": {
        "iso2": "PY",
        "name": "Paraguay"
      },
      "geometry": {
        "type": "Polygon",
        "coordinates": [
          [
            [
              -41.780027,
              64.382186
            ],
            [
              -43.867025,
              66.510377
            ],
            [
              -46.054208,
              66.290051
            ],
            [
              -47.908662,
              66.394644
            ],
            [
              -50.264899,
              64.382186
            ],
            [
              -48.142479,
              63.00281
            ],
            [
              -46.054208,
              62.020646
            ],
            [
              -43.224799,
              63.232702
            ],
            [
              -41.780027,
              64.382186
            ]
          ]
        ]
      }
    },
    {
      "type": "Feature",
      "properties": {
        "iso2": "PE",
        "name": "Peru"
      },
      "geometry": {
        "type": "Polygon",
        "coordinates": [
          [
            [
              130.11085,
              -32.87814
            ],
            [
              128.732101,
              -31.175443
            ],
            [
              126.420346,
              -29.936512
            ],
            [
              123.812002,
              -31.515468
            ],
            [
              122.142,
              -32.87814
            ],
            [
              124.297317,
              -34.055734
            ],
            [
              126.420346,
              -34.782113
            ],
            [
              129.03236,
              -35.152423
            ],
            [
              130.11085,
              -32.87814
            ]
          ]
        ]
      }
    },
    {
      "type": "Feature",
      "properties": {
        "iso2": "PH",
        "name": "Philippines"
      },
      "geometry": {
        "type": "Polygon",
        "coordinates": [
          [
            [
              -136.802556,
              -16.128852
            ],
            [
              -137.850127,
              -14.431734
            ],
            [
              -140.653725,
              -13.225637
            ],
            [
              -142.415355,
              -14.566506
            ],
            [
              -144.644537,
              -16.128852
            ],
            [
              -143.212043,
              -18.022939
            ],
            [
              -140.653725,
              -17.739502
            ],
            [
              -137.428571,
              -17.993086
            ],
            [
              -136.802556,
              -16.128852
            ]
          ]
        ]
      }
    },
    {
      "type": "Feature",
      "properties": {
        "iso2": "PN",
        "name": "Pitcairn Islands"
      },
      "geometry": {
        "type": "Polygon",
        "coordinates": [
          [
            [
              84.333489,
              56.92172
            ],
            [
              83.293506,
              58.20022
            ],
            [
              80.87356,
              59.254363
            ],
            [
              77.742808,
              59.198696
            ],
            [
              76.825424,
              56.92172
            ],
            [
              78.618808,
              55.628797
            ],
            [
              80.87356,
              53.952838
            ],
            [
              84.023915,
              54.984922
            ],
            [
              84.333489,
              56.92172
            ]
          ]
        ]
      }
    },
    {
      "type": "Feature",
      "properties": {
        "iso2": "PL",
        "name": "Poland"
      },
      "geometry": {
        "type": "Polygon",
        "coordinates": [
          [
            [
              25.528957,
              -67.962828
            ],
            [
              24.327829,
              -66.740361
            ],
            [
              21.852198,
              -66.164846
            ],
            [
              18.933549,
              -66.424548
            ],
            [
              18.839052,
              -67.962828
            ],
            [
              20.271047,
              -70.158541
            ],
            [
              21.852198,
              -70.766453
            ],
            [
              24.391773,
              -69.243925
            ],
            [
              25.528957,
              -67.962828
            ]
          ]
        ]
      }
    },
    {
      "type": "Feature",
      "properties": {
        "iso2": "PT",
        "name": "Portugal"
      },
      "geometry": {
        "type": "Polygon",
        "coordinates": [
          [
            [
              -110.144585,
              43.265619
            ],
            [
              -111.311417,
              45.422462
            ],
            [
              -113.652066,
              44.968572
            ],
            [
              -116.4387,
              44.949426
            ],
            [
              -115.899435,
              43.265619
            ],
            [
              -115.323436,
              41.153189
            ],
            [
              -113.652066,
              40.128234
            ],
            [
              -112.085525,
              41.350556
            ],
            [
              -110.144585,
              43.265619
            ]
          ]
        ]
      }
    },
    {
      "type": "Feature",
      "properties": {
        "iso2": "PR",
        "name": "Puerto Rico"
      },
      "geometry": {
        "type": "Polygon",
        "coordinates": [
          [
            [
              149.471835,
              4.36246
            ],
            [
              148.663008,
              6.030388
            ],
            [
              146.103785,
              6.683435
            ],
            [
              143.930972,
              5.807396
            ],
            [
              143.215125,
              4.36246
            ],
            [
              143.47802,
              3.115252
            ],
            [
              146.103785,
              1.80986
            ],
            [
              148.788327,
              3.248793
            ],
            [
              149.471835,
              4.36246
            ]
          ]
        ]
      }
    },
    {
      "type": "Feature",
      "properties": {
        "iso2": "QA",
        "name": "Qatar"
      },
      "geometry": {
        "type": "Polygon",
        "coordinates": [
          [
            [
              -98.30316,
              -49.960902
            ],
            [
              -99.30617,
              -48.182711
            ],
            [
              -101.776793,
              -47.405711
            ],
            [
              -103.647532,
              -48.31665
            ],
            [
              -104.975536,
              -49.960902
            ],
            [
              -104.821797,
              -51.937978
            ],
            [
              -101.776793,
              -52.735899
            ],
            [
              -99.859897,
              -51.624302
            ],
            [
              -98.30316,
              -49.960902
            ]
          ]
        ]
      }
    },
    {
      "type": "Feature",
      "properties": {
        "iso2": "RE",
        "name": "Réunion"
      },
      "geometry": {
        "type": "Polygon",
        "coordinates": [
          [
            [
              5.875497,
              69.49785
            ],
            [
              5.434402,
              70.705232
            ],
            [
              3.590453,
              72.301489
            ],
            [
              1.135992,
              70.603547
            ],
            [
              0.672133,
              69.49785
            ],
            [
              1.332161,
              68.208633
            ],
            [
              3.590453,
              67.667875
            ],
            [
              5.860318,
              67.717994
            ],
            [
              5.875497,
              69.49785
            ]
          ]
        ]
      }
    },
    {
      "type": "Feature",
      "properties": {
        "iso2": "RO",
        "name": "Romania"
      },
      "geometry": {
        "type": "Polygon",
        "coordinates": [
          [
            [
              101.175306,
              -52.536168
            ],
            [
              98.754734,
              -50.956087
            ],
            [
              97.034134,
              -50.286534
            ],
            [
              94.766827,
              -51.296464
            ],
            [
              93.589348,
              -52.536168
            ],
            [
              95.265269,
              -54.814299
            ],
            [
              97.034134,
              -55.145957
            ],
            [
              98.969565,
              -54.928305
            ],
            [
              101.175306,
              -52.536168
            ]
          ]
        ]
      }
    },
    {
      "type": "Feature",
      "properties": {
        "iso2": "RU",
        "name": "Russia"
      },
      "geometry": {
        "type": "Polygon",
        "coordinates": [
          [
            [
              -144.280556,
              7.807919
            ],
            [
              -144.920545,
              9.45888
            ],
            [
              -147.105006,
              10.05277
            ],
            [
              -149.253895,
              9.169364
            ],
            [
              -151.080975,
              7.807919
            ],
            [
              -148.833573,
              6.058393
            ],
            [
              -147.105006,
              4.75418
            ],
            [
              -144.315102,
              6.14167
            ],
            [
              -144.280556,
              7.807919
            ]
          ]
        ]
      }
    },
    {
      "type": "Feature",
      "properties": {
        "iso2": "RW",
        "name": "Rwanda"
      },
      "geometry": {
        "type": "Polygon",
        "coordinates": [
          [
            [
              123.011226,
              41.279403
            ],
            [
              122.205554,
              43.667593
            ],
            [
              119.967721,
              44.217756
            ],
            [
              117.285192,
              43.068764
            ],
            [
              116.276735,
              41.279403
            ],
            [
              117.873605,
              39.056431
            ],
            [
              119.967721,
              39.367692
            ],
            [
              122.297236,
              38.975472
            ],
            [
              123.011226,
              41.279403
            ]
          ]
        ]
      }
    },
    {
      "type": "Feature",
      "properties": {
        "iso2": "WS",
        "name": "Samoa"
      },
      "geometry": {
        "type": "Polygon",
        "coordinates": [
          [
            [
              -26.059993,
              -68.893098
            ],
            [
              -27.289728,
              -67.30565
            ],
            [
              -29.492592,
              -67.296131
            ],
            [
              -32.665142,
              -66.509744
            ],
            [
              -32.736262,
              -68.893098
            ],
            [
              -31.62997,
              -70.646872
            ],
            [
              -29.492592,
              -70.981089
            ],
            [
              -27.645219,
              -70.388464
            ],
            [
              -26.059993,
              -68.893098
            ]
          ]
        ]
      }
    },
    {
      "type": "Feature",
      "properties": {
        "iso2": "SM",
        "name": "San Marino"
      },
      "geometry": {
        "type": "Polygon",
        "coordinates": [
          [
            [
              -73.40322,
              60.370604
            ],
            [
              -74.695431,
              62.07411
            ],
            [
              -77.009631,
              63.104144
            ],
            [
              -80.260318,
              61.705515
            ],
            [
              -80.627032,
              60.370604
            ],
            [
              -78.81291,
              59.146253
            ],
            [
              -77.009631,
              58.508149
            ],
            [
              -74.576981,
              58.62701
            ],
            [
              -73.40322,
              60.370604
            ]
          ]
        ]
      }
    },
    {
      "type": "Feature",
      "properties": {
        "iso2": "ST",
        "name": "São Tomé & Príncipe"
      },
      "geometry": {
        "type": "Polygon",
        "coordinates": [
          [
            [
              148.098238,
              -20.004603
            ],
            [
              145.710886,
              -17.612479
            ],
            [
              143.527986,
              -18.268363
            ],
            [
              141.809737,
              -17.698496
            ],
            [
              139.95943,
              -20.004603
            ],
            [
              141.027057,
              -21.220175
            ],
            [
              143.527986,
              -22.163911
            ],
            [
              145.428977,
              -21.715527
            ],
            [
              148.098238,
              -20.004603
            ]
          ]
        ]
      }
    },
    {
      "type": "Feature",
      "properties": {
        "iso2": "SA",
        "name": "Saudi Arabia"
      },
      "geometry": {
        "type": "Polygon",
        "coordinates": [
          [
            [
              -131.677123,
              -31.115312
            ],
            [
              -131.567003,
              -30.049979
            ],
            [
              -134.809591,
              -27.867577
            ],
            [
              -137.679656,
              -29.033048
            ],
            [
              -139.042458,
              -31.115312
            ],
            [
              -136.620093,
              -32.507665
            ],
            [
              -134.809591,
              -34.328039
            ],
            [
              -132.663591,
              -33.056911
            ],
            [
              -131.677123,
              -31.115312
            ]
          ]
        ]
      }
    },
    {
      "type": "Feature",
      "properties": {
        "iso2": "SN",
        "name": "Senegal"
      },
      "geometry": {
        "type": "Polygon",
        "coordinates": [
          [
            [
              58.218002,
              66.121321
            ],
            [
              57.495662,
              68.38703
            ],
            [
              55.042081,
              68.067494
            ],
            [
              53.203783,
              68.493442
            ],
            [
              52.363001,
              66.121321
            ],
            [
              53.137995,
              64.914745
            ],
            [
              55.042081,
              64.536224
            ],
            [
              57.180837,
              64.624473
            ],
            [
              58.218002,
              66.121321
            ]
          ]
        ]
      }
    },
    {
      "type": "Feature",
      "properties": {
        "iso2": "RS",
        "name": "Serbia"
      },
      "geometry": {
        "type": "Polygon",
        "coordinates": [
          [
            [
              58.189018,
              -66.489343
            ],
            [
              57.385262,
              -64.785356
            ],
            [
              54.140347,
              -63.957477
            ],
            [
              51.961681,
              -64.961135
            ],
            [
              50.67259,
              -66.489343
            ],
            [
              52.168282,
              -68.09739
            ],
            [
              54.140347,
              -69.556296
            ],
            [
              56.988307,
              -67.956505
            ],
            [
              58.189018,
              -66.489343
            ]
          ]
        ]
      }
    },
    {
      "type": "Feature",
      "properties": {
        "iso2": "SC",
        "name": "Seychelles"
      },
      "geometry": {
        "type": "Polygon",
        "coordinates": [
          [
            [
              -132.593002,
              31.841305
            ],
            [
              -133.674264,
              33.134216
            ],
            [
              -135.387843,
              34.454745
            ],
            [
              -137.653401,
              33.427803
            ],
            [
              -139.272012,
              31.841305
            ],
            [
              -138.144038,
              29.620356
            ],
            [
              -135.387843,
              29.630283
            ],
            [
              -133.546481,
              29.557316
            ],
            [
              -132.593002,
              31.841305
            ]
          ]
        ]
      }
    },
    {
      "type": "Feature",
      "properties": {
        "iso2": "SL",
        "name": "Sierra Leone"
      },
      "geometry": {
        "type": "Polygon",
        "coordinates": [
          [
            [
              148.017406,
              19.759227
            ],
            [
              148.897837,
              21.12836
            ],
            [
              145.76025,
              21.924128
            ],
            [
              142.63588,
              21.029761
            ],
            [
              142.833585,
              19.759227
            ],
            [
              144.122061,
              17.594473
            ],
            [
              145.76025,
              18.168833
            ],
            [
              148.123503,
              18.434096
            ],
            [
              148.017406,
              19.759227
            ]
          ]
        ]
      }
    },
    {
      "type": "Feature",
      "properties": {
        "iso2": "SG",
        "name": "Singapore"
      },
      "geometry": {
        "type": "Polygon",
        "coordinates": [
          [
            [
              -76.425797,
              -61.224313
            ],
            [
              -76.594842,
              -59.236163
            ],
            [
              -79.421581,
              -58.564954
            ],
            [
              -81.637445,
              -59.905473
            ],
            [
              -83.968972,
              -61.224313
            ],
            [
              -82.534659,
              -63.448636
            ],
            [
              -79.421581,
              -63.571267
            ],
            [
              -76.221125,
              -62.502822
            ],
            [
              -76.425797,
              -61.224313
            ]
          ]
        ]
      }
    },
    {
      "type": "Feature",
      "properties": {
        "iso2": "SX",
        "name": "Sint Maarten"
      },
      "geometry": {
        "type": "Polygon",
        "coordinates": [
          [
            [
              -24.646956,
              70.662221
            ],
            [
              -27.490724,
              72.69395
            ],
            [
              -29.090781,
              72.254639
            ],
            [
              -30.734188,
              71.990231
            ],
            [
              -32.492365,
              70.662221
            ],
            [
              -31.887165,
              69.593885
            ],
            [
              -29.090781,
              67.45163
            ],
            [
              -26.535124,
              68.279835
            ],
            [
              -24.646956,
              70.662221
            ]
          ]
        ]
      }
    },
    {
      "type": "Feature",
      "properties": {
        "iso2": "SK",
        "name": "Slovakia"
      },
      "geometry": {
        "type": "Polygon",
        "coordinates": [
          [
            [
              126.123219,
              -42.935502
            ],
            [
              124.664803,
              -40.983271
            ],
            [
              122.846436,
              -41.017927
            ],
            [
              120.593719,
              -41.776181
            ],
            [
              119.763278,
              -42.935502
            ],
            [
              120.19892,
              -44.573773
            ],
            [
              122.846436,
              -44.737436
            ],
            [
              125.057905,
              -44.228951
            ],
            [
              126.123219,
              -42.935502
            ]
          ]
        ]
      }
    },
    {
      "type": "Feature",
      "properties": {
        "iso2": "SI",
        "name": "Slovenia"
      },
      "geometry": {
        "type": "Polygon",
        "coordinates": [
          [
            [
              -150.093864,
              -7.545814
            ],
            [
              -150.108084,
              -6.363627
            ],
            [
              -152.391479,
              -4.4854
            ],
            [
              -155.262111,
              -6.179329
            ],
            [
              -156.065982,
              -7.545814
            ],
            [
              -154.115478,
              -9.375245
            ],
            [
              -152.391479,
              -9.139285
            ],
            [
              -149.338274,
              -8.686412
            ],
            [
              -150.093864,
              -7.545814
            ]
          ]
        ]
      }
    },
    {
      "type": "Feature",
      "properties": {
        "iso2": "SB",
        "name": "Solomon Islands"
      },
      "geometry": {
        "type": "Polygon",
        "coordinates": [
          [
            [
              104.880654,
              54.312846
            ],
            [
              104.305496,
              56.559694
            ],
            [
              101.834939,
              57.195524
            ],
            [
              99.37227,
              56.61685
            ],
            [
              98.177563,
              54.312846
            ],
            [
              99.846987,
              53.237187
            ],
            [
              101.834939,
              51.483774
            ],
            [
              104.740658,
              52.617281
            ],
            [
              104.880654,
              54.312846
            ]
          ]
        ]
      }
    },
    {
      "type": "Feature",
      "properties": {
        "iso2": "SO",
        "name": "Somalia"
      },
      "geometry": {
        "type": "Polygon",
        "coordinates": [
          [
            [
              6.368842,
              -72.716862
            ],
            [
              5.464785,
              -70.688031
            ],
            [
              2.608526,
              -70.76342
            ],
            [
              0.570942,
              -71.118026
            ],
            [
              -0.551708,
              -72.716862
            ],
            [
              -0.256433,
              -74.211683
            ],
            [
              2.608526,
              -75.323071
            ],
            [
              5.565256,
              -75.076776
            ],
            [
              6.368842,
              -72.716862
            ]
          ]
        ]
      }
    },
    {
      "type": "Feature",
      "properties": {
        "iso2": "ZA",
        "name": "South Africa"
      },
      "geometry": {
        "type": "Polygon",
        "coordinates": [
          [
            [
              -102.07146,
              52.920887
            ],
            [
              -102.964576,
              54.016026
            ],
            [
              -106.20983,
              55.328843
            ],
            [
              -107.930494,
              54.455315
            ],
            [
              -109.448569,
              52.920887
            ],
            [
              -108.414215,
              50.594937
            ],
            [
              -106.20983,
              49.707797
            ],
            [
              -103.885403,
              50.83968
            ],
            [
              -102.07146,
              52.920887
            ]
          ]
        ]
      }
    },
    {
      "type": "Feature",
      "properties": {
        "iso2": "GS",
        "name": "South Georgia & South Sandwich Islands"
      },
      "geometry": {
        "type": "Polygon",
        "coordinates": [
          [
            [
              156.770588,
              -5.156213
            ],
            [
              157.079625,
              -3.225763
            ],
            [
              154.404949,
              -2.707466
            ],
            [
              151.430286,
              -3.550102
            ],
            [
              151.183212,
              -5.156213
            ],
            [
              152.053309,
              -6.535827
            ],
            [
              154.404949,
              -8.324107
            ],
            [
              156.046058,
              -6.481064
            ],
            [
              156.770588,
              -5.156213
            ]
          ]
        ]
      }
    },
    {
      "type": "Feature",
      "properties": {
        "iso2": "KR",
        "name": "South Korea"
      },
      "geometry": {
        "type": "Polygon",
        "coordinates": [
          [
            [
              -117.401064,
              -45.564349
            ],
            [
              -118.427991,
              -43.574335
            ],
            [
              -121.533323,
              -43.012559
            ],
            [
              -124.111446,
              -43.923289
            ],
            [
              -125.036957,
              -45.564349
            ],
            [
              -124.708216,
              -47.313734
            ],
            [
              -121.533323,
              -47.346241
            ],
            [
              -119.722812,
              -47.742084
            ],
            [
              -117.401064,
              -45.564349
            ]
          ]
        ]
      }
    },
    {
      "type": "Feature",
      "properties": {
        "iso2": "SS",
        "name": "South Sudan"
      },
      "geometry": {
        "type": "Polygon",
        "coordinates": [
          [
            [
              28.412849,
              72.545304
            ],
            [
              26.207349,
              74.485877
            ],
            [
              24.498383,
              75.712347
            ],
            [
              22.723121,
              74.851807
            ],
            [
              20.592373,
              72.545304
            ],
            [
              21.429569,
              71.480196
            ],
            [
              24.498383,
              69.724463
            ],
            [
              26.948485,
              71.47429
            ],
            [
              28.412849,
              72.545304
            ]
          ]
        ]
      }
    },
    {
      "type": "Feature",
      "properties": {
        "iso2": "ES",
        "name": "Spain"
      },
      "geometry": {
        "type": "Polygon",
        "coordinates": [
          [
            [
              89.419818,
              -61.459497
            ],
            [
              87.825846,
              -59.463702
            ],
            [
              85.921027,
              -59.489879
            ],
            [
              83.760626,
              -60.00719
            ],
            [
              81.983436,
              -61.459497
            ],
            [
              84.031285,
              -62.642431
            ],
            [
              85.921027,
              -64.525041
            ],
            [
              87.651737,
              -62.879229
            ],
            [
              89.419818,
              -61.459497
            ]
          ]
        ]
      }
    },
    {
      "type": "Feature",
      "properties": {
        "iso2": "LK",
        "name": "Sri Lanka"
      },
      "geometry": {
        "type": "Polygon",
        "coordinates": [
          [
            [
              -148.588176,
              17.955379
            ],
            [
              -149.095442,
              19.470941
            ],
            [
              -151.6442,
              20.101092
            ],
            [
              -154.611511,
              20.193285
            ],
            [
              -155.251997,
              17.955379
            ],
            [
              -154.184726,
              16.865966
            ],
            [
              -151.6442,
              15.51416
            ],
            [
              -149.598246,
              15.636056
            ],
            [
              -148.588176,
              17.955379
            ]
          ]
        ]
      }
    },
    {
      "type": "Feature",
      "properties": {
        "iso2": "BL",
        "name": "St. Barthélemy"
      },
      "geometry": {
        "type": "Polygon",
        "coordinates": [
          [
            [
              141.99765,
              35.218386
            ],
            [
              139.664748,
              37.006463
            ],
            [
              137.840246,
              38.279944
            ],
            [
              135.040352,
              36.478047
            ],
            [
              134.320904,
              35.218386
            ],
            [
              135.951918,
              33.106541
            ],
            [
              137.840246,
              32.497935
            ],
            [
              139.771325,
              34.00694
            ],
            [
              141.99765,
              35.218386
            ]
          ]
        ]
      }
    },
    {
      "type": "Feature",
      "properties": {
        "iso2": "SH",
        "name": "St. Helena"
      },
      "geometry": {
        "type": "Polygon",
        "coordinates": [
          [
            [
              -48.465699,
              -70.10864
            ],
            [
              -49.392018,
              -68.535415
            ],
            [
              -51.386452,
              -67.993012
            ],
            [
              -53.59865,
              -68.122663
            ],
            [
              -55.330052,
              -70.10864
            ],
            [
              -54.465543,
              -72.381101
            ],
            [
              -51.386452,
              -73.106409
            ],
            [
              -49.394931,
              -71.631605
            ],
            [
              -48.465699,
              -70.10864
            ]
          ]
        ]
      }
    },
    {
      "type": "Feature",
      "properties": {
        "iso2": "KN",
        "name": "St. Kitts & Nevis"
      },
      "geometry": {
        "type": "Polygon",
        "coordinates": [
          [
            [
              -58.897415,
              68.253122
            ],
            [
              -59.557583,
              69.423658
            ],
            [
              -62.548137,
              69.892125
            ],
            [
              -64.488738,
              70.067299
            ],
            [
              -65.510401,
              68.253122
            ],
            [
              -65.149569,
              66.177925
            ],
            [
              -62.548137,
              65.797861
            ],
            [
              -60.104111,
              66.526583
            ],
            [
              -58.897415,
              68.253122
            ]
          ]
        ]
      }
    },
    {
      "type": "Feature",
      "properties": {
        "iso2": "LC",
        "name": "St. Lucia"
      },
      "geometry": {
        "type": "Polygon",
        "coordinates": [
          [
            [
              148.291411,
              -30.449667
            ],
            [
              147.354819,
              -28.994736
            ],
            [
              144.102225,
              -27.14701
            ],
            [
              141.112899,
              -28.605221
            ],
            [
              140.626179,
              -30.449667
            ],
            [
              141.863209,
              -32.532843
            ],
            [
              144.102225,
              -33.390523
            ],
            [
              147.190566,
              -31.971736
            ],
            [
              148.291411,
              -30.449667
            ]
          ]
        ]
      }
    },
    {
      "type": "Feature",
      "properties": {
        "iso2": "MF",
        "name": "St. Martin"
      },
      "geometry": {
        "type": "Polygon",
        "coordinates": [
          [
            [
              -146.119614,
              -23.570038
            ],
            [
              -147.801298,
              -21.755613
            ],
            [
              -150.174655,
              -21.070858
            ],
            [
              -151.884063,
              -22.128629
            ],
            [
              -153.253257,
              -23.570038
            ],
            [
              -151.937034,
              -24.990176
            ],
            [
              -150.174655,
              -25.46279
            ],
            [
              -147.82717,
              -25.415525
            ],
            [
              -146.119614,
              -23.570038
            ]
          ]
        ]
      }
    },
    {
      "type": "Feature",
      "properties": {
        "iso2": "PM",
        "name": "St. Pierre & Miquelon"
      },
      "geometry": {
        "type": "Polygon",
        "coordinates": [
          [
            [
              80.019611,
              65.439495
            ],
            [
              79.648061,
              66.937352
            ],
            [
              77.203273,
              67.276089
            ],
            [
              75.473914,
              67.356202
            ],
            [
              73.264223,
              65.439495
            ],
            [
              74.252962,
              63.219086
            ],
            [
              77.203273,
              62.631368
            ],
            [
              79.525954,
              63.941145
            ],
            [
              80.019611,
              65.439495
            ]
          ]
        ]
      }
    },
    {
      "type": "Feature",
      "properties": {
        "iso2": "VC",
        "name": "St. Vincent & Grenadines"
      },
      "geometry": {
        "type": "Polygon",
        "coordinates": [
          [
            [
              40.557714,
              -73.05361
            ],
            [
              38.552159,
              -71.278855
            ],
            [
              36.768285,
              -70.94109
            ],
            [
              34.648769,
              -71.481621
            ],
            [
              32.642305,
              -73.05361
            ],
            [
              33.861727,
              -74.578567
            ],
            [
              36.768285,
              -74.653345
            ],
            [
              39.502864,
              -74.375625
            ],
            [
              40.557714,
              -73.05361
            ]
          ]
        ]
      }
    },
    {
      "type": "Feature",
      "properties": {
        "iso2": "SD",
        "name": "Sudan"
      },
      "geometry": {
        "type": "Polygon",
        "coordinates": [
          [
            [
              -129.415413,
              42.239267
            ],
            [
              -128.979427,
              44.296212
            ],
            [
              -131.924316,
              44.11954
            ],
            [
              -133.54798,
              44.437271
            ],
            [
              -136.375095,
              42.239267
            ],
            [
              -133.853608,
              40.45691
            ],
            [
              -131.924316,
              40.160196
            ],
            [
              -128.898629,
              40.128174
            ],
            [
              -129.415413,
              42.239267
            ]
          ]
        ]
      }
    },
    {
      "type": "Feature",
      "properties": {
        "iso2": "SR",
        "name": "Suriname"
      },
      "geometry": {
        "type": "Polygon",
        "coordinates": [
          [
            [
              161.660699,
              10.961382
            ],
            [
              160.656648,
              12.723985
            ],
            [
              158.071295,
              12.462304
            ],
            [
              155.850081,
              12.451392
            ],
            [
              154.130786,
              10.961382
            ],
            [
              155.579453,
              9.379605
            ],
            [
              158.071295,
              9.37138
            ],
            [
              160.119885,
              8.909585
            ],
            [
              161.660699,
              10.961382
            ]
          ]
        ]
      }
    },
    {
      "type": "Feature",
      "properties": {
        "iso2": "SJ",
        "name": "Svalbard & Jan Mayen"
      },
      "geometry": {
        "type": "Polygon",
        "coordinates": [
          [
            [
              -97.329283,
              -58.642225
            ],
            [
              -97.912272,
              -57.039082
            ],
            [
              -101.114782,
              -56.002789
            ],
            [
              -103.225023,
              -57.516527
            ],
            [
              -104.46697,
              -58.642225
            ],
            [
              -103.297338,
              -60.066463
            ],
            [
              -101.114782,
              -61.781867
            ],
            [
              -99.424111,
              -60.405476
            ],
            [
              -97.329283,
              -58.642225
            ]
          ]
        ]
      }
    },
    {
      "type": "Feature",
      "properties": {
        "iso2": "SE",
        "name": "Sweden"
      },
      "geometry": {
        "type": "Polygon",
        "coordinates": [
          [
            [
              -6.900202,
              75.67171
            ],
            [
              -6.378422,
              77.839904
            ],
            [
              -9.347746,
              78.991272
            ],
            [
              -12.446942,
              77.506188
            ],
            [
              -11.924645,
              75.67171
            ],
            [
              -11.980159,
              74.460945
            ],
            [
              -9.347746,
              72.912206
            ],
            [
              -6.209894,
              74.223212
            ],
            [
              -6.900202,
              75.67171
            ]
          ]
        ]
      }
    },
    {
      "type": "Feature",
      "properties": {
        "iso2": "CH",
        "name": "Switzerland"
      },
      "geometry": {
        "type": "Polygon",
        "coordinates": [
          [
            [
              117.721354,
              -52.939464
            ],
            [
              118.0247,
              -51.075658
            ],
            [
              115.406035,
              -50.954107
            ],
            [
              112.850746,
              -51.048123
            ],
            [
              111.165508,
              -52.939464
            ],
            [
              113.663961,
              -54.145176
            ],
            [
              115.406035,
              -54.685551
            ],
            [
              117.634698,
              -54.985376
            ],
            [
              117.721354,
              -52.939464
            ]
          ]
        ]
      }
    },
    {
      "type": "Feature",
      "properties": {
        "iso2": "SY",
        "name": "Syria"
      },
      "geometry": {
        "type": "Polygon",
        "coordinates": [
          [
            [
              -158.151159,
              2.228685
            ],
            [
              -159.640576,
              3.367939
            ],
            [
              -161.197652,
              5.559842
            ],
            [
              -163.118751,
              4.361726
            ],
            [
              -165.449798,
              2.228685
            ],
            [
              -163.127708,
              0.492171
            ],
            [
              -161.197652,
              -0.563294
            ],
            [
              -158.944553,
              0.200604
            ],
            [
              -158.151159,
              2.228685
            ]
          ]
        ]
      }
    },
    {
      "type": "Feature",
      "properties": {
        "iso2": "TW",
        "name": "Taiwan"
      },
      "geometry": {
        "type": "Polygon",
        "coordinates": [
          [
            [
              126.182695,
              49.890799
            ],
            [
              124.034845,
              51.618653
            ],
            [
              122.332351,
              52.277827
            ],
            [
              120.545988,
              51.718788
            ],
            [
              118.736196,
              49.890799
            ],
            [
              120.433851,
              47.799727
            ],
            [
              122.332351,
              47.755691
            ],
            [
              125.164882,
              47.563154
            ],
            [
              126.182695,
              49.890799
            ]
          ]
        ]
      }
    },
    {
      "type": "Feature",
      "properties": {
        "iso2": "TJ",
        "name": "Tajikistan"
      },
      "geometry": {
        "type": "Polygon",
        "coordinates": [
          [
            [
              -16.345522,
              -75.984159
            ],
            [
              -17.118715,
              -73.660726
            ],
            [
              -18.881128,
              -74.041861
            ],
            [
              -20.816322,
              -74.835886
            ],
            [
              -21.43609,
              -75.984159
            ],
            [
              -21.387752,
              -77.312487
            ],
            [
              -18.881128,
              -78.720534
            ],
            [
              -17.143138,
              -77.874224
            ],
            [
              -16.345522,
              -75.984159
            ]
          ]
        ]
      }
    },
    {
      "type": "Feature",
      "properties": {
        "iso2": "TZ",
        "name": "Tanzania"
      },
      "geometry": {
        "type": "Polygon",
        "coordinates": [
          [
            [
              -92.447658,
              62.193241
            ],
            [
              -92.76337,
              63.711506
            ],
            [
              -94.986298,
              64.155398
            ],
            [
              -97.782733,
              64.04298
            ],
            [
              -98.747006,
              62.193241
            ],
            [
              -96.572671,
              60.093204
            ],
            [
              -94.986298,
              58.984539
            ],
            [
              -92.076613,
              60.207932
            ],
            [
              -92.447658,
              62.193241
            ]
          ]
        ]
      }
    },
    {
      "type": "Feature",
      "properties": {
        "iso2": "TH",
        "name": "Thailand"
      },
      "geometry": {
        "type": "Polygon",
        "coordinates": [
          [
            [
              161.814174,
              -15.595972
            ],
            [
              161.326118,
              -13.968014
            ],
            [
              159.366874,
              -12.511355
            ],
            [
              156.786728,
              -14.415901
            ],
            [
              154.834403,
              -15.595972
            ],
            [
              156.808367,
              -16.882389
            ],
            [
              159.366874,
              -18.638462
            ],
            [
              162.435352,
              -17.458051
            ],
            [
              161.814174,
              -15.595972
            ]
          ]
        ]
      }
    },
    {
      "type": "Feature",
      "properties": {
        "iso2": "TL",
        "name": "Timor-Leste"
      },
      "geometry": {
        "type": "Polygon",
        "coordinates": [
          [
            [
              -136.822106,
              -39.424401
            ],
            [
              -137.425616,
              -37.950109
            ],
            [
              -140.138847,
              -37.798778
            ],
            [
              -143.030212,
              -37.214529
            ],
            [
              -143.779507,
              -39.424401
            ],
            [
              -141.72362,
              -40.681944
            ],
            [
              -140.138847,
              -41.86365
            ],
            [
              -137.60401,
              -41.746989
            ],
            [
              -136.822106,
              -39.424401
            ]
          ]
        ]
      }
    },
    {
      "type": "Feature",
      "properties": {
        "iso2": "TG",
        "name": "Togo"
      },
      "geometry": {
        "type": "Polygon",
        "coordinates": [
          [
            [
              50.970264,
              73.938747
            ],
            [
              50.176276,
              75.420503
            ],
            [
              47.045466,
              75.996429
            ],
            [
              44.339924,
              75.10744
            ],
            [
              43.547892,
              73.938747
            ],
            [
              43.979466,
              72.025229
            ],
            [
              47.045466,
              71.627925
            ],
            [
              50.001807,
              72.686374
            ],
            [
              50.970264,
              73.938747
            ]
          ]
        ]
      }
    },
    {
      "type": "Feature",
      "properties": {
        "iso2": "TK",
        "name": "Tokelau"
      },
      "geometry": {
        "type": "Polygon",
        "coordinates": [
          [
            [
              74.287411,
              -69.683181
            ],
            [
              73.098528,
              -68.282402
            ],
            [
              71.235721,
              -67.795591
            ],
            [
              69.154342,
              -68.373801
            ],
            [
              68.233545,
              -69.683181
            ],
            [
              68.67914,
              -71.678555
            ],
            [
              71.235721,
              -72.634192
            ],
            [
              73.931132,
              -71.761351
            ],
            [
              74.287411,
              -69.683181
            ]
          ]
        ]
      }
    },
    {
      "type": "Feature",
      "properties": {
        "iso2": "TO",
        "name": "Tonga"
      },
      "geometry": {
        "type": "Polygon",
        "coordinates": [
          [
            [
              -149.439538,
              28.723517
            ],
            [
              -149.312506,
              30.068877
            ],
            [
              -152.546199,
              30.3259
            ],
            [
              -155.779343,
              30.875173
            ],
            [
              -156.282311,
              28.723517
            ],
            [
              -154.119326,
              26.45915
            ],
            [
              -152.546199,
              26.188946
            ],
            [
              -150.422985,
              26.925986
            ],
            [
              -149.439538,
              28.723517
            ]
          ]
        ]
      }
    },
    {
      "type": "Feature",
      "properties": {
        "iso2": "TT",
        "name": "Trinidad & Tobago"
      },
      "geometry": {
        "type": "Polygon",
        "coordinates": [
          [
            [
              156.591556,
              27.540862
            ],
            [
              156.790791,
              28.638803
            ],
            [
              153.912785,
              30.129131
            ],
            [
              151.386996,
              28.800614
            ],
            [
              150.341361,
              27.540862
            ],
            [
              151.630744,
              25.934663
            ],
            [
              153.912785,
              25.867421
            ],
            [
              157.162761,
              25.260009
            ],
            [
              156.591556,
              27.540862
            ]
          ]
        ]
      }
    },
    {
      "type": "Feature",
      "properties": {
        "iso2": "TN",
        "name": "Tunisia"
      },
      "geometry": {
        "type": "Polygon",
        "coordinates": [
          [
            [
              -70.106341,
              -69.557168
            ],
            [
              -71.29293,
              -67.347869
            ],
            [
              -74.259142,
              -67.998813
            ],
            [
              -77.256834,
              -67.812803
            ],
            [
              -77.744448,
              -69.557168
            ],
            [
              -76.61023,
              -71.805702
            ],
            [
              -74.259142,
              -71.124474
            ],
            [
              -71.112209,
              -70.848006
            ],
            [
              -70.106341,
              -69.557168
            ]
          ]
        ]
      }
    },
    {
      "type": "Feature",
      "properties": {
        "iso2": "TR",
        "name": "Türkiye"
      },
      "geometry": {
        "type": "Polygon",
        "coordinates": [
          [
            [
              -40.424063,
              75.14228
            ],
            [
              -42.796994,
              77.14258
            ],
            [
              -44.84055,
              78.376185
            ],
            [
              -47.732778,
              76.750657
            ],
            [
              -48.36453,
              75.14228
            ],
            [
              -46.767759,
              73.492475
            ],
            [
              -44.84055,
              72.160103
            ],
            [
              -42.626336,
              73.482877
            ],
            [
              -40.424063,
              75.14228
            ]
          ]
        ]
      }
    },
    {
      "type": "Feature",
      "properties": {
        "iso2": "TM",
        "name": "Turkmenistan"
      },
      "geometry": {
        "type": "Polygon",
        "coordinates": [
          [
            [
              145.340809,
              -41.19471
            ],
            [
              143.757693,
              -39.946656
            ],
            [
              140.860547,
              -38.562595
            ],
            [
              137.863762,
              -39.953155
            ],
            [
              137.76508,
              -41.19471
            ],
            [
              139.012798,
              -43.045937
            ],
            [
              140.860547,
              -43.17318
            ],
            [
              144.069316,
              -42.354935
            ],
            [
              145.340809,
              -41.19471
            ]
          ]
        ]
      }
    },
    {
      "type": "Feature",
      "properties": {
        "iso2": "TC",
        "name": "Turks & Caicos Islands"
      },
      "geometry": {
        "type": "Polygon",
        "coordinates": [
          [
            [
              -159.17692,
              -14.588102
            ],
            [
              -161.577167,
              -12.880832
            ],
            [
              -163.14977,
              -11.688195
            ],
            [
              -166.236937,
              -13.350744
            ],
            [
              -165.793376,
              -14.588102
            ],
            [
              -165.756006,
              -16.941388
            ],
            [
              -163.14977,
              -16.464228
            ],
            [
              -160.291274,
              -16.333986
            ],
            [
              -159.17692,
              -14.588102
            ]
          ]
        ]
      }
    },
    {
      "type": "Feature",
      "properties": {
        "iso2": "TV",
        "name": "Tuvalu"
      },
      "geometry": {
        "type": "Polygon",
        "coordinates": [
          [
            [
              103.361676,
              62.935541
            ],
            [
              101.345482,
              64.561553
            ],
            [
              99.65088,
              64.871383
            ],
            [
              96.883994,
              65.125202
            ],
            [
              96.717288,
              62.935541
            ],
            [
              97.508706,
              60.783415
            ],
            [
              99.65088,
              60.352335
            ],
            [
              101.529381,
              60.534144
            ],
            [
              103.361676,
              62.935541
            ]
          ]
        ]
      }
    },
    {
      "type": "Feature",
      "properties": {
        "iso2": "UM",
        "name": "U.S. Outlying Islands"
      },
      "geometry": {
        "type": "Polygon",
        "coordinates": [
          [
            [
              21.069349,
              -78.363301
            ],
            [
              18.365595,
              -76.511216
            ],
            [
              16.582621,
              -75.04949
            ],
            [
              13.430463,
              -76.100388
            ],
            [
              13.440508,
              -78.363301
            ],
            [
              14.406679,
              -80.425559
            ],
            [
              16.582621,
              -80.113017
            ],
            [
              19.781654,
              -79.541896
            ],
            [
              21.069349,
              -78.363301
            ]
          ]
        ]
      }
    },
    {
      "type": "Feature",
      "properties": {
        "iso2": "VI",
        "name": "U.S. Virgin Islands"
      },
      "geometry": {
        "type": "Polygon",
        "coordinates": [
          [
            [
              -120.70744,
              52.606608
            ],
            [
              -122.171424,
              54.582467
            ],
            [
              -124.5911,
              55.468394
            ],
            [
              -126.566389,
              53.82739
            ],
            [
              -127.918914,
              52.606608
            ],
            [
              -126.938641,
              50.658334
            ],
            [
              -124.5911,
              50.667852
            ],
            [
              -121.402418,
              50.491023
            ],
            [
              -120.70744,
              52.606608
            ]
          ]
        ]
      }
    },
    {
      "type": "Feature",
      "properties": {
        "iso2": "UG",
        "name": "Uganda"
      },
      "geometry": {
        "type": "Polygon",
        "coordinates": [
          [
            [
              170.474553,
              0.953833
            ],
            [
              169.506756,
              2.282449
            ],
            [
              167.48051,
              3.750781
            ],
            [
              164.897815,
              2.736662
            ],
            [
              164.94071,
              0.953833
            ],
            [
              165.580237,
              -1.384404
            ],
            [
              167.48051,
              -1.783998
            ],
            [
              169.506604,
              -1.254483
            ],
            [
              170.474553,
              0.953833
            ]
          ]
        ]
      }
    },
    {
      "type": "Feature",
      "properties": {
        "iso2": "UA",
        "name": "Ukraine"
      },
      "geometry": {
        "type": "Polygon",
        "coordinates": [
          [
            [
              -118.442776,
              -54.242543
            ],
            [
              -120.823071,
              -52.505583
            ],
            [
              -122.392308,
              -51.314189
            ],
            [
              -124.619609,
              -52.048582
            ],
            [
              -124.794869,
              -54.242543
            ],
            [
              -125.014562,
              -56.357119
            ],
            [
              -122.392308,
              -55.942522
            ],
            [
              -120.060075,
              -55.589737
            ],
            [
              -118.442776,
              -54.242543
            ]
          ]
        ]
      }
    },
    {
      "type": "Feature",
      "properties": {
        "iso2": "AE",
        "name": "United Arab Emirates"
      },
      "geometry": {
        "type": "Polygon",
        "coordinates": [
          [
            [
              15.968064,
              79.206352
            ],
            [
              14.344197,
              81.484121
            ],
            [
              12.684048,
              81.607687
            ],
            [
              9.461469,
              81.186755
            ],
            [
              8.671469,
              79.206352
            ],
            [
              10.515733,
              77.514359
            ],
            [
              12.684048,
              77.048785
            ],
            [
              14.586779,
              77.530766
            ],
            [
              15.968064,
              79.206352
            ]
          ]
        ]
      }
    },
    {
      "type": "Feature",
      "properties": {
        "iso2": "GB",
        "name": "United Kingdom"
      },
      "geometry": {
        "type": "Polygon",
        "coordinates": [
          [
            [
              106.987423,
              -62.583008
            ],
            [
              105.78987,
              -60.656382
            ],
            [
              104.168838,
              -60.547275
            ],
            [
              102.025564,
              -61.003774
            ],
            [
              100.136899,
              -62.583008
            ],
            [
              101.110001,
              -64.808457
            ],
            [
              104.168838,
              -64.105219
            ],
            [
              106.612983,
              -64.281872
            ],
            [
              106.987423,
              -62.583008
            ]
          ]
        ]
      }
    },
    {
      "type": "Feature",
      "properties": {
        "iso2": "US",
        "name": "United States"
      },
      "geometry": {
        "type": "Polygon",
        "coordinates": [
          [
            [
              -163.687625,
              12.946169
            ],
            [
              -163.72944,
              14.320032
            ],
            [
              -166.684752,
              16.341192
            ],
            [
              -169.898548,
              14.709595
            ],
            [
              -171.110036,
              12.946169
            ],
            [
              -168.891224,
              11.144745
            ],
            [
              -166.684752,
              9.947278
            ],
            [
              -165.066553,
              10.620318
            ],
            [
              -163.687625,
              12.946169
            ]
          ]
        ]
      }
    },
    {
      "type": "Feature",
      "properties": {
        "iso2": "UY",
        "name": "Uruguay"
      },
      "geometry": {
        "type": "Polygon",
        "coordinates": [
          [
            [
              144.26611,
              43.71519
            ],
            [
              143.610122,
              45.768029
            ],
            [
              141.725051,
              45.760642
            ],
            [
              138.534883,
              46.054417
            ],
            [
              139.344521,
              43.71519
            ],
            [
              139.703204,
              41.767073
            ],
            [
              141.725051,
              42.090977
            ],
            [
              144.683925,
              41.325962
            ],
            [
              144.26611,
              43.71519
            ]
          ]
        ]
      }
    },
    {
      "type": "Feature",
      "properties": {
        "iso2": "UZ",
        "name": "Uzbekistan"
      },
      "geometry": {
        "type": "Polygon",
        "coordinates": [
          [
            [
              -39.568143,
              -77.604417
            ],
            [
              -39.374464,
              -75.433321
            ],
            [
              -42.059329,
              -75.557972
            ],
            [
              -44.669445,
              -76.374526
            ],
            [
              -46.289935,
              -77.604417
            ],
            [
              -43.912734,
              -78.785505
            ],
            [
              -42.059329,
              -80.697861
            ],
            [
              -40.447306,
              -79.094238
            ],
            [
              -39.568143,
              -77.604417
            ]
          ]
        ]
      }
    },
    {
      "type": "Feature",
      "properties": {
        "iso2": "VU",
        "name": "Vanuatu"
      },
      "geometry": {
        "type": "Polygon",
        "coordinates": [
          [
            [
              -76.962854,
              70.786857
            ],
            [
              -77.626871,
              72.440543
            ],
            [
              -80.163182,
              72.466364
            ],
            [
              -82.913692,
              72.016823
            ],
            [
              -83.387128,
              70.786857
            ],
            [
              -82.473774,
              69.240018
            ],
            [
              -80.163182,
              68.467554
            ],
            [
              -78.413931,
              69.671306
            ],
            [
              -76.962854,
              70.786857
            ]
          ]
        ]
      }
    },
    {
      "type": "Feature",
      "properties": {
        "iso2": "VA",
        "name": "Vatican City"
      },
      "geometry": {
        "type": "Polygon",
        "coordinates": [
          [
            [
              165.228167,
              -26.680863
            ],
            [
              163.630892,
              -24.620733
            ],
            [
              160.700648,
              -25.022455
            ],
            [
              158.123514,
              -25.120484
            ],
            [
              157.28425,
              -26.680863
            ],
            [
              158.653473,
              -28.577133
            ],
            [
              160.700648,
              -28.890385
            ],
            [
              163.306874,
              -28.784555
            ],
            [
              165.228167,
              -26.680863
            ]
          ]
        ]
      }
    },
    {
      "type": "Feature",
      "properties": {
        "iso2": "VE",
        "name": "Venezuela"
      },
      "geometry": {
        "type": "Polygon",
        "coordinates": [
          [
            [
              -153.402176,
              -31.652365
            ],
            [
              -153.781832,
              -30.271671
            ],
            [
              -156.985985,
              -29.786229
            ],
            [
              -160.130713,
              -30.425985
            ],
            [
              -159.725357,
              -31.652365
            ],
            [
              -159.140467,
              -34.009593
            ],
            [
              -156.985985,
              -34.437289
            ],
            [
              -154.476128,
              -33.91619
            ],
            [
              -153.402176,
              -31.652365
            ]
          ]
        ]
      }
    },
    {
      "type": "Feature",
      "properties": {
        "iso2": "VN",
        "name": "Vietnam"
      },
      "geometry": {
        "type": "Polygon",
        "coordinates": [
          [
            [
              74.292831,
              73.566626
            ],
            [
              72.182863,
              75.014652
            ],
            [
              70.624922,
              75.57477
            ],
            [
              68.400786,
              75.411341
            ],
            [
              68.005629,
              73.566626
            ],
            [
              68.420387,
              71.62114
            ],
            [
              70.624922,
              70.600237
            ],
            [
              72.243096,
              72.489096
            ],
            [
              74.292831,
              73.566626
            ]
          ]
        ]
      }
    },
    {
      "type": "Feature",
      "properties": {
        "iso2": "WF",
        "name": "Wallis & Futuna"
      },
      "geometry": {
        "type": "Polygon",
        "coordinates": [
          [
            [
              56.428136,
              -76.931595
            ],
            [
              56.236491,
              -75.301878
            ],
            [
              53.266027,
              -74.627058
            ],
            [
              51.667577,
              -75.438409
            ],
            [
              50.688177,
              -76.931595
            ],
            [
              51.048515,
              -78.71971
            ],
            [
              53.266027,
              -79.369204
            ],
            [
              54.967914,
              -78.993379
            ],
            [
              56.428136,
              -76.931595
            ]
          ]
        ]
      }
    },
    {
      "type": "Feature",
      "properties": {
        "iso2": "EH",
        "name": "Western Sahara"
      },
      "geometry": {
        "type": "Polygon",
        "coordinates": [
          [
            [
              -145.335633,
              39.817428
            ],
            [
              -147.20948,
              41.961544
            ],
            [
              -149.629191,
              42.285144
            ],
            [
              -151.7909,
              41.800608
            ],
            [
              -153.821981,
              39.817428
            ],
            [
              -152.227905,
              38.017487
            ],
            [
              -149.629191,
              36.492677
            ],
            [
              -147.907663,
              37.805234
            ],
            [
              -145.335633,
              39.817428
            ]
          ]
        ]
      }
    },
    {
      "type": "Feature",
      "properties": {
        "iso2": "YE",
        "name": "Yemen"
      },
      "geometry": {
        "type": "Polygon",
        "coordinates": [
          [
            [
              171.909907,
              18.406265
            ],
            [
              169.432554,
              20.793409
            ],
            [
              167.629808,
              21.760314
            ],
            [
              164.460932,
              19.635633
            ],
            [
              163.381417,
              18.406265
            ],
            [
              164.759053,
              17.306361
            ],
            [
              167.629808,
              15.945454
            ],
            [
              170.191751,
              16.554305
            ],
            [
              171.909907,
              18.406265
            ]
          ]
        ]
      }
    },
    {
      "type": "Feature",
      "properties": {
        "iso2": "ZM",
        "name": "Zambia"
      },
      "geometry": {
        "type": "Polygon",
        "coordinates": [
          [
            [
              -93.54995,
              -67.179147
            ],
            [
              -94.338915,
              -64.93761
            ],
            [
              -97.473275,
              -65.018277
            ],
            [
              -99.861089,
              -66.033065
            ],
            [
              -100.086742,
              -67.179147
            ],
            [
              -99.122809,
              -68.503288
            ],
            [
              -97.473275,
              -68.929689
            ],
            [
              -95.190942,
              -68.788192
            ],
            [
              -93.54995,
              -67.179147
            ]
          ]
        ]
      }
    },
    {
      "type": "Feature",
      "properties": {
        "iso2": "ZW",
        "name": "Zimbabwe"
      },
      "geometry": {
        "type": "Polygon",
        "coordinates": [
          [
            [
              -20.76929,
              80.791036
            ],
            [
              -22.70169,
              82.108801
            ],
            [
              -24.271638,
              82.457072
            ],
            [
              -25.904317,
              82.505234
            ],
            [
              -28.699435,
              80.791036
            ],
            [
              -26.148157,
              78.587476
            ],
            [
              -24.271638,
              78.075352
            ],
            [
              -22.541567,
              79.348315
            ],
            [
              -20.76929,
              80.791036
            ]
          ]
        ]
      }
    }
  ]
}
