{
  "type": "FeatureCollection",
  "features": [
    {
      "type": "Feature",
      "properties": {
        "from": "Afghanistan",
        "fromIso": "AF",
        "to": "Albania",
        "toIso": "AL",
        "mode": "land",
        "distance": 7.424835
      },
      "geometry": {
        "type": "LineString",
        "coordinates": [
          [
            0,
            0
          ],
          [
            0.678331,
            6.649919
          ],
          [
            1.356663,
            7.299838
          ]
        ]
      }
    },
    {
      "type": "Feature",
      "properties": {
        "from": "Afghanistan",
        "fromIso": "AF",
        "to": "Åland Islands",
        "toIso": "AX",
        "mode": "land",
        "distance": 8.815628
      },
      "geometry": {
        "type": "LineString",
        "coordinates": [
          [
            0,
            0
          ],
          [
            -4.045504,
            -4.750062
          ],
          [
            -8.091009,
            -3.500124
          ]
        ]
      }
    },
    {
      "type": "Feature",
      "properties": {
        "from": "Afghanistan",
        "fromIso": "AF",
        "to": "Bahamas",
        "toIso": "BS",
        "mode": "ship",
        "distance": 36.121723
      },
      "geometry": {
        "type": "LineString",
        "coordinates": [
          [
            0,
            0
          ],
          [
            16.780698,
            -16.678539
          ],
          [
            33.561396,
            -13.357079
          ]
        ]
      }
    },
    {
      "type": "Feature",
      "properties": {
        "from": "Åland Islands",
        "fromIso": "AX",
        "to": "Angola",
        "toIso": "AO",
        "mode": "land",
        "distance": 8.827511
      },
      "geometry": {
        "type": "LineString",
        "coordinates": [
          [
            -8.091009,
            -3.500124
          ],
          [
            -7.534299,
            -10.878629
          ],
          [
            -6.977589,
            -12.257135
          ]
        ]
      }
    },
    {
      "type": "Feature",
      "properties": {
        "from": "Åland Islands",
        "fromIso": "AX",
        "to": "Burundi",
        "toIso": "BI",
        "mode": "ship",
        "distance": 35.597617
      },
      "geometry": {
        "type": "LineString",
        "coordinates": [
          [
            -8.091009,
            -3.500124
          ],
          [
            -3.884919,
            23.794569
          ],
          [
            0.32117,
            31.089261
          ]
        ]
      }
    },
    {
      "type": "Feature",
      "properties": {
        "from": "Albania",
        "fromIso": "AL",
        "to": "Azerbaijan",
        "toIso": "AZ",
        "mode": "land",
        "distance": 14.328186
      },
      "geometry": {
        "type": "LineString",
        "coordinates": [
          [
            1.356663,
            7.299838
          ],
          [
            -2.052361,
            16.600853
          ],
          [
            -5.461385,
            19.901867
          ]
        ]
      }
    },
    {
      "type": "Feature",
      "properties": {
        "from": "Albania",
        "fromIso": "AL",
        "to": "British Indian Ocean Territory",
        "toIso": "IO",
        "mode": "ship",
        "distance": 35.941961
      },
      "geometry": {
        "type": "LineString",
        "coordinates": [
          [
            1.356663,
            7.299838
          ],
          [
            17.199309,
            25.783157
          ],
          [
            33.041955,
            24.266476
          ]
        ]
      }
    },
    {
      "type": "Feature",
      "properties": {
        "from": "Algeria",
        "fromIso": "DZ",
        "to": "Armenia",
        "toIso": "AM",
        "mode": "land",
        "distance": 9.299624
      },
      "geometry": {
        "type": "LineString",
        "coordinates": [
          [
            11.563664,
            -7.122411
          ],
          [
            11.227705,
            -14.76007
          ],
          [
            10.891747,
            -16.39773
          ]
        ]
      }
    },
    {
      "type": "Feature",
      "properties": {
        "from": "Algeria",
        "fromIso": "DZ",
        "to": "Afghanistan",
        "toIso": "AF",
        "mode": "land",
        "distance": 13.581129
      },
      "geometry": {
        "type": "LineString",
        "coordinates": [
          [
            11.563664,
            -7.122411
          ],
          [
            5.781832,
            -0.561205
          ],
          [
            0,
            0
          ]
        ]
      }
    },
    {
      "type": "Feature",
      "properties": {
        "from": "Algeria",
        "fromIso": "DZ",
        "to": "Egypt",
        "toIso": "EG",
        "mode": "ship",
        "distance": 35.306897
      },
      "geometry": {
        "type": "LineString",
        "coordinates": [
          [
            11.563664,
            -7.122411
          ],
          [
            16.932352,
            -33.939706
          ],
          [
            22.30104,
            -40.757002
          ]
        ]
      }
    },
    {
      "type": "Feature",
      "properties": {
        "from": "American Samoa",
        "fromIso": "AS",
        "to": "Antigua & Barbuda",
        "toIso": "AG",
        "mode": "land",
        "distance": 11.730518
      },
      "geometry": {
        "type": "LineString",
        "coordinates": [
          [
            -21.61015,
            1.805084
          ],
          [
            -26.019078,
            -5.06307
          ],
          [
            -30.428007,
            -5.931224
          ]
        ]
      }
    },
    {
      "type": "Feature",
      "properties": {
        "from": "American Samoa",
        "fromIso": "AS",
        "to": "Anguilla",
        "toIso": "AI",
        "mode": "land",
        "distance": 13.231657
      },
      "geometry": {
        "type": "LineString",
        "coordinates": [
          [
            -21.61015,
            1.805084
          ],
          [
            -17.495446,
            9.985663
          ],
          [
            -13.380743,
            12.166242
          ]
        ]
      }
    },
    {
      "type": "Feature",
      "properties": {
        "from": "American Samoa",
        "fromIso": "AS",
        "to": "Cape Verde",
        "toIso": "CV",
        "mode": "ship",
        "distance": 35.265462
      },
      "geometry": {
        "type": "LineString",
        "coordinates": [
          [
            -21.61015,
            1.805084
          ],
          [
            -17.01564,
            -25.218538
          ],
          [
            -12.42113,
            -32.242159
          ]
        ]
      }
    },
    {
      "type": "Feature",
      "properties": {
        "from": "Andorra",
        "fromIso": "AD",
        "to": "Argentina",
        "toIso": "AR",
        "mode": "land",
        "distance": 10.501788
      },
      "geometry": {
        "type": "LineString",
        "coordinates": [
          [
            20.702339,
            6.218757
          ],
          [
            17.704701,
            13.529912
          ],
          [
            14.707064,
            14.841067
          ]
        ]
      }
    },
    {
      "type": "Feature",
      "properties": {
        "from": "Andorra",
        "fromIso": "AD",
        "to": "Antarctica",
        "toIso": "AQ",
        "mode": "land",
        "distance": 14.067161
      },
      "geometry": {
        "type": "LineString",
        "coordinates": [
          [
            20.702339,
            6.218757
          ],
          [
            24.927461,
            -2.404373
          ],
          [
            29.152584,
            -5.027503
          ]
        ]
      }
    },
    {
      "type": "Feature",
      "properties": {
        "from": "Andorra",
        "fromIso": "AD",
        "to": "Canada",
        "toIso": "CA",
        "mode": "ship",
        "distance": 36.415141
      },
      "geometry": {
        "type": "LineString",
        "coordinates": [
          [
            20.702339,
            6.218757
          ],
          [
            37.64336,
            22.890895
          ],
          [
            54.584381,
            19.563033
          ]
        ]
      }
    },
    {
      "type": "Feature",
      "properties": {
        "from": "Angola",
        "fromIso": "AO",
        "to": "Barbados",
        "toIso": "BB",
        "mode": "land",
        "distance": 11.354578
      },
      "geometry": {
        "type": "LineString",
        "coordinates": [
          [
            -6.977589,
            -12.257135
          ],
          [
            -4.593449,
            -20.40956
          ],
          [
            -2.209308,
            -22.561985
          ]
        ]
      }
    },
    {
      "type": "Feature",
      "properties": {
        "from": "Angola",
        "fromIso": "AO",
        "to": "Bermuda",
        "toIso": "BM",
        "mode": "ship",
        "distance": 35.090691
      },
      "geometry": {
        "type": "LineString",
        "coordinates": [
          [
            -6.977589,
            -12.257135
          ],
          [
            9.874327,
            -27.140992
          ],
          [
            26.726244,
            -22.02485
          ]
        ]
      }
    },
    {
      "type": "Feature",
      "properties": {
        "from": "Anguilla",
        "fromIso": "AI",
        "to": "Azerbaijan",
        "toIso": "AZ",
        "mode": "land",
        "distance": 11.070507
      },
      "geometry": {
        "type": "LineString",
        "coordinates": [
          [
            -13.380743,
            12.166242
          ],
          [
            -9.421064,
            19.034054
          ],
          [
            -5.461385,
            19.901867
          ]
        ]
      }
    },
    {
      "type": "Feature",
      "properties": {
        "from": "Anguilla",
        "fromIso": "AI",
        "to": "Cuba",
        "toIso": "CU",
        "mode": "ship",
        "distance": 36.371121
      },
      "geometry": {
        "type": "LineString",
        "coordinates": [
          [
            -13.380743,
            12.166242
          ],
          [
            -0.966751,
            35.455613
          ],
          [
            11.447242,
            38.744985
          ]
        ]
      }
    },
    {
      "type": "Feature",
      "properties": {
        "from": "Antarctica",
        "fromIso": "AQ",
        "to": "Bahamas",
        "toIso": "BS",
        "mode": "land",
        "distance": 9.424408
      },
      "geometry": {
        "type": "LineString",
        "coordinates": [
          [
            29.152584,
            -5.027503
          ],
          [
            31.35699,
            -12.192291
          ],
          [
            33.561396,
            -13.357079
          ]
        ]
      }
    },
    {
      "type": "Feature",
      "properties": {
        "from": "Antarctica",
        "fromIso": "AQ",
        "to": "Australia",
        "toIso": "AU",
        "mode": "land",
        "distance": 13.104181
      },
      "geometry": {
        "type": "LineString",
        "coordinates": [
          [
            29.152584,
            -5.027503
          ],
          [
            33.89642,
            2.492001
          ],
          [
            38.640255,
            4.011505
          ]
        ]
      }
    },
    {
      "type": "Feature",
      "properties": {
        "from": "Antarctica",
        "fromIso": "AQ",
        "to": "Canada",
        "toIso": "CA",
        "mode": "ship",
        "distance": 35.376133
      },
      "geometry": {
        "type": "LineString",
        "coordinates": [
          [
            29.152584,
            -5.027503
          ],
          [
            41.868482,
            17.267765
          ],
          [
            54.584381,
            19.563033
          ]
        ]
      }
    },
    {
      "type": "Feature",
      "properties": {
        "from": "Antigua & Barbuda",
        "fromIso": "AG",
        "to": "Austria",
        "toIso": "AT",
        "mode": "land",
        "distance": 12.043091
      },
      "geometry": {
        "type": "LineString",
        "coordinates": [
          [
            -30.428007,
            -5.931224
          ],
          [
            -27.020404,
            -13.895824
          ],
          [
            -23.612801,
            -15.860424
          ]
        ]
      }
    },
    {
      "type": "Feature",
      "properties": {
        "from": "Antigua & Barbuda",
        "fromIso": "AG",
        "to": "Azerbaijan",
        "toIso": "AZ",
        "mode": "ship",
        "distance": 35.926046
      },
      "geometry": {
        "type": "LineString",
        "coordinates": [
          [
            -30.428007,
            -5.931224
          ],
          [
            -17.944696,
            16.985321
          ],
          [
            -5.461385,
            19.901867
          ]
        ]
      }
    },
    {
      "type": "Feature",
      "properties": {
        "from": "Argentina",
        "fromIso": "AR",
        "to": "Benin",
        "toIso": "BJ",
        "mode": "land",
        "distance": 9.91897
      },
      "geometry": {
        "type": "LineString",
        "coordinates": [
          [
            14.707064,
            14.841067
          ],
          [
            13.128498,
            22.542623
          ],
          [
            11.549933,
            24.244178
          ]
        ]
      }
    },
    {
      "type": "Feature",
      "properties": {
        "from": "Argentina",
        "fromIso": "AR",
        "to": "Guam",
        "toIso": "GU",
        "mode": "ship",
        "distance": 35.628114
      },
      "geometry": {
        "type": "LineString",
        "coordinates": [
          [
            14.707064,
            14.841067
          ],
          [
            10.281015,
            42.096522
          ],
          [
            5.854966,
            49.351976
          ]
        ]
      }
    },
    {
      "type": "Feature",
      "properties": {
        "from": "Armenia",
        "fromIso": "AM",
        "to": "British Virgin Islands",
        "toIso": "VG",
        "mode": "land",
        "distance": 12.496073
      },
      "geometry": {
        "type": "LineString",
        "coordinates": [
          [
            10.891747,
            -16.39773
          ],
          [
            10.702598,
            -25.642903
          ],
          [
            10.513449,
            -28.888076
          ]
        ]
      }
    },
    {
      "type": "Feature",
      "properties": {
        "from": "Armenia",
        "fromIso": "AM",
        "to": "American Samoa",
        "toIso": "AS",
        "mode": "ship",
        "distance": 37.252057
      },
      "geometry": {
        "type": "LineString",
        "coordinates": [
          [
            10.891747,
            -16.39773
          ],
          [
            -5.359202,
            2.703677
          ],
          [
            -21.61015,
            1.805084
          ]
        ]
      }
    },
    {
      "type": "Feature",
      "properties": {
        "from": "Aruba",
        "fromIso": "AW",
        "to": "Belarus",
        "toIso": "BY",
        "mode": "land",
        "distance": 8.909892
      },
      "geometry": {
        "type": "LineString",
        "coordinates": [
          [
            -32.887485,
            9.000069
          ],
          [
            -32.164151,
            16.3959
          ],
          [
            -31.440817,
            17.791731
          ]
        ]
      }
    },
    {
      "type": "Feature",
      "properties": {
        "from": "Aruba",
        "fromIso": "AW",
        "to": "American Samoa",
        "toIso": "AS",
        "mode": "land",
        "distance": 13.377073
      },
      "geometry": {
        "type": "LineString",
        "coordinates": [
          [
            -32.887485,
            9.000069
          ],
          [
            -27.248818,
            2.402577
          ],
          [
            -21.61015,
            1.805084
          ]
        ]
      }
    },
    {
      "type": "Feature",
      "properties": {
        "from": "Aruba",
        "fromIso": "AW",
        "to": "Bosnia & Herzegovina",
        "toIso": "BA",
        "mode": "ship",
        "distance": 35.541957
      },
      "geometry": {
        "type": "LineString",
        "coordinates": [
          [
            -32.887485,
            9.000069
          ],
          [
            -27.449648,
            -17.918489
          ],
          [
            -22.011812,
            -24.837047
          ]
        ]
      }
    },
    {
      "type": "Feature",
      "properties": {
        "from": "Australia",
        "fromIso": "AU",
        "to": "Bangladesh",
        "toIso": "BD",
        "mode": "land",
        "distance": 12.805115
      },
      "geometry": {
        "type": "LineString",
        "coordinates": [
          [
            38.640255,
            4.011505
          ],
          [
            35.819441,
            12.759179
          ],
          [
            32.998628,
            15.506853
          ]
        ]
      }
    },
    {
      "type": "Feature",
      "properties": {
        "from": "Australia",
        "fromIso": "AU",
        "to": "Comoros",
        "toIso": "KM",
        "mode": "ship",
        "distance": 35.247906
      },
      "geometry": {
        "type": "LineString",
        "coordinates": [
          [
            38.640255,
            4.011505
          ],
          [
            50.947429,
            -18.603454
          ],
          [
            63.254604,
            -21.218412
          ]
        ]
      }
    },
    {
      "type": "Feature",
      "properties": {
        "from": "Austria",
        "fromIso": "AT",
        "to": "Bosnia & Herzegovina",
        "toIso": "BA",
        "mode": "land",
        "distance": 9.118274
      },
      "geometry": {
        "type": "LineString",
        "coordinates": [
          [
            -23.612801,
            -15.860424
          ],
          [
            -22.812306,
            -23.348736
          ],
          [
            -22.011812,
            -24.837047
          ]
        ]
      }
    },
    {
      "type": "Feature",
      "properties": {
        "from": "Austria",
        "fromIso": "AT",
        "to": "Brazil",
        "toIso": "BR",
        "mode": "ship",
        "distance": 35.564693
      },
      "geometry": {
        "type": "LineString",
        "coordinates": [
          [
            -23.612801,
            -15.860424
          ],
          [
            -40.86412,
            -1.547208
          ],
          [
            -58.11544,
            -7.233993
          ]
        ]
      }
    },
    {
      "type": "Feature",
      "properties": {
        "from": "Azerbaijan",
        "fromIso": "AZ",
        "to": "Burundi",
        "toIso": "BI",
        "mode": "land",
        "distance": 12.59348
      },
      "geometry": {
        "type": "LineString",
        "coordinates": [
          [
            -5.461385,
            19.901867
          ],
          [
            -2.570107,
            28.495564
          ],
          [
            0.32117,
            31.089261
          ]
        ]
      }
    },
    {
      "type": "Feature",
      "properties": {
        "from": "Bahamas",
        "fromIso": "BS",
        "to": "Bermuda",
        "toIso": "BM",
        "mode": "land",
        "distance": 11.038549
      },
      "geometry": {
        "type": "LineString",
        "coordinates": [
          [
            33.561396,
            -13.357079
          ],
          [
            30.14382,
            -20.690964
          ],
          [
            26.726244,
            -22.02485
          ]
        ]
      }
    },
    {
      "type": "Feature",
      "properties": {
        "from": "Bahamas",
        "fromIso": "BS",
        "to": "Cayman Islands",
        "toIso": "KY",
        "mode": "ship",
        "distance": 35.30715
      },
      "geometry": {
        "type": "LineString",
        "coordinates": [
          [
            33.561396,
            -13.357079
          ],
          [
            51.072198,
            -1.116426
          ],
          [
            68.583,
            -8.875774
          ]
        ]
      }
    },
    {
      "type": "Feature",
      "properties": {
        "from": "Bahrain",
        "fromIso": "BH",
        "to": "Bhutan",
        "toIso": "BT",
        "mode": "land",
        "distance": 11.251802
      },
      "geometry": {
        "type": "LineString",
        "coordinates": [
          [
            -45.203424,
            -0.882727
          ],
          [
            -48.736007,
            6.495814
          ],
          [
            -52.268589,
            7.874355
          ]
        ]
      }
    },
    {
      "type": "Feature",
      "properties": {
        "from": "Bahrain",
        "fromIso": "BH",
        "to": "Belize",
        "toIso": "BZ",
        "mode": "land",
        "distance": 13.329943
      },
      "geometry": {
        "type": "LineString",
        "coordinates": [
          [
            -45.203424,
            -0.882727
          ],
          [
            -43.725288,
            -10.381724
          ],
          [
            -42.247153,
            -13.880721
          ]
        ]
      }
    },
    {
      "type": "Feature",
      "properties": {
        "from": "Bahrain",
        "fromIso": "BH",
        "to": "Botswana",
        "toIso": "BW",
        "mode": "ship",
        "distance": 36.944415
      },
      "geometry": {
        "type": "LineString",
        "coordinates": [
          [
            -45.203424,
            -0.882727
          ],
          [
            -32.427431,
            22.458804
          ],
          [
            -19.651439,
            25.800336
          ]
        ]
      }
    },
    {
      "type": "Feature",
      "properties": {
        "from": "Bangladesh",
        "fromIso": "BD",
        "to": "British Indian Ocean Territory",
        "toIso": "IO",
        "mode": "land",
        "distance": 8.75973
      },
      "geometry": {
        "type": "LineString",
        "coordinates": [
          [
            32.998628,
            15.506853
          ],
          [
            33.020291,
            22.886665
          ],
          [
            33.041955,
            24.266476
          ]
        ]
      }
    },
    {
      "type": "Feature",
      "properties": {
        "from": "Bangladesh",
        "fromIso": "BD",
        "to": "Gibraltar",
        "toIso": "GI",
        "mode": "ship",
        "distance": 35.316219
      },
      "geometry": {
        "type": "LineString",
        "coordinates": [
          [
            32.998628,
            15.506853
          ],
          [
            46.165917,
            37.272537
          ],
          [
            59.333207,
            39.038221
          ]
        ]
      }
    },
    {
      "type": "Feature",
      "properties": {
        "from": "Barbados",
        "fromIso": "BB",
        "to": "Cape Verde",
        "toIso": "CV",
        "mode": "land",
        "distance": 14.070788
      },
      "geometry": {
        "type": "LineString",
        "coordinates": [
          [
            -2.209308,
            -22.561985
          ],
          [
            -7.315219,
            -30.402072
          ],
          [
            -12.42113,
            -32.242159
          ]
        ]
      }
    },
    {
      "type": "Feature",
      "properties": {
        "from": "Barbados",
        "fromIso": "BB",
        "to": "Antarctica",
        "toIso": "AQ",
        "mode": "ship",
        "distance": 35.930855
      },
      "geometry": {
        "type": "LineString",
        "coordinates": [
          [
            -2.209308,
            -22.561985
          ],
          [
            13.471638,
            -3.794744
          ],
          [
            29.152584,
            -5.027503
          ]
        ]
      }
    },
    {
      "type": "Feature",
      "properties": {
        "from": "Belarus",
        "fromIso": "BY",
        "to": "Caribbean Netherlands",
        "toIso": "BQ",
        "mode": "land",
        "distance": 11.900952
      },
      "geometry": {
        "type": "LineString",
        "coordinates": [
          [
            -31.440817,
            17.791731
          ],
          [
            -34.430915,
            25.936386
          ],
          [
            -37.421014,
            28.081041
          ]
        ]
      }
    },
    {
      "type": "Feature",
      "properties": {
        "from": "Belarus",
        "fromIso": "BY",
        "to": "Estonia",
        "toIso": "EE",
        "mode": "ship",
        "distance": 35.178285
      },
      "geometry": {
        "type": "LineString",
        "coordinates": [
          [
            -31.440817,
            17.791731
          ],
          [
            -19.287152,
            40.506539
          ],
          [
            -7.133486,
            43.221347
          ]
        ]
      }
    },
    {
      "type": "Feature",
      "properties": {
        "from": "Belgium",
        "fromIso": "BE",
        "to": "Bouvet Island",
        "toIso": "BV",
        "mode": "land",
        "distance": 10.121752
      },
      "geometry": {
        "type": "LineString",
        "coordinates": [
          [
            49.834674,
            -3.166337
          ],
          [
            51.070434,
            -11.074021
          ],
          [
            52.306194,
            -12.981705
          ]
        ]
      }
    },
    {
      "type": "Feature",
      "properties": {
        "from": "Belgium",
        "fromIso": "BE",
        "to": "Australia",
        "toIso": "AU",
        "mode": "land",
        "distance": 13.297986
      },
      "geometry": {
        "type": "LineString",
        "coordinates": [
          [
            49.834674,
            -3.166337
          ],
          [
            44.237465,
            3.422584
          ],
          [
            38.640255,
            4.011505
          ]
        ]
      }
    },
    {
      "type": "Feature",
      "properties": {
        "from": "Belgium",
        "fromIso": "BE",
        "to": "Chile",
        "toIso": "CL",
        "mode": "ship",
        "distance": 36.471712
      },
      "geometry": {
        "type": "LineString",
        "coordinates": [
          [
            49.834674,
            -3.166337
          ],
          [
            38.793988,
            -27.680112
          ],
          [
            27.753301,
            -32.193888
          ]
        ]
      }
    },
    {
      "type": "Feature",
      "properties": {
        "from": "Belize",
        "fromIso": "BZ",
        "to": "Burkina Faso",
        "toIso": "BF",
        "mode": "land",
        "distance": 8.815196
      },
      "geometry": {
        "type": "LineString",
        "coordinates": [
          [
            -42.247153,
            -13.880721
          ],
          [
            -43.165143,
            -21.191662
          ],
          [
            -44.083132,
            -22.502604
          ]
        ]
      }
    },
    {
      "type": "Feature",
      "properties": {
        "from": "Belize",
        "fromIso": "BZ",
        "to": "Cape Verde",
        "toIso": "CV",
        "mode": "ship",
        "distance": 35.024763
      },
      "geometry": {
        "type": "LineString",
        "coordinates": [
          [
            -42.247153,
            -13.880721
          ],
          [
            -27.334141,
            -33.06144
          ],
          [
            -12.42113,
            -32.242159
          ]
        ]
      }
    },
    {
      "type": "Feature",
      "properties": {
        "from": "Benin",
        "fromIso": "BJ",
        "to": "Burundi",
        "toIso": "BI",
        "mode": "land",
        "distance": 13.150676
      },
      "geometry": {
        "type": "LineString",
        "coordinates": [
          [
            11.549933,
            24.244178
          ],
          [
            5.935551,
            30.666719
          ],
          [
            0.32117,
            31.089261
          ]
        ]
      }
    },
    {
      "type": "Feature",
      "properties": {
        "from": "Benin",
        "fromIso": "BJ",
        "to": "Libya",
        "toIso": "LY",
        "mode": "ship",
        "distance": 36.786553
      },
      "geometry": {
        "type": "LineString",
        "coordinates": [
          [
            11.549933,
            24.244178
          ],
          [
            4.137711,
            51.077823
          ],
          [
            -3.274511,
            57.911467
          ]
        ]
      }
    },
    {
      "type": "Feature",
      "properties": {
        "from": "Bermuda",
        "fromIso": "BM",
        "to": "Chile",
        "toIso": "CL",
        "mode": "land",
        "distance": 10.220772
      },
      "geometry": {
        "type": "LineString",
        "coordinates": [
          [
            26.726244,
            -22.02485
          ],
          [
            27.239773,
            -30.109369
          ],
          [
            27.753301,
            -32.193888
          ]
        ]
      }
    },
    {
      "type": "Feature",
      "properties": {
        "from": "Bhutan",
        "fromIso": "BT",
        "to": "Brunei",
        "toIso": "BN",
        "mode": "land",
        "distance": 10.633446
      },
      "geometry": {
        "type": "LineString",
        "coordinates": [
          [
            -52.268589,
            7.874355
          ],
          [
            -51.052365,
            16.0501
          ],
          [
            -49.836141,
            18.225846
          ]
        ]
      }
    },
    {
      "type": "Feature",
      "properties": {
        "from": "Bhutan",
        "fromIso": "BT",
        "to": "Greenland",
        "toIso": "GL",
        "mode": "ship",
        "distance": 35.100927
      },
      "geometry": {
        "type": "LineString",
        "coordinates": [
          [
            -52.268589,
            7.874355
          ],
          [
            -65.163046,
            29.780309
          ],
          [
            -78.057504,
            31.686263
          ]
        ]
      }
    },
    {
      "type": "Feature",
      "properties": {
        "from": "Bolivia",
        "fromIso": "BO",
        "to": "Canada",
        "toIso": "CA",
        "mode": "land",
        "distance": 9.29091
      },
      "geometry": {
        "type": "LineString",
        "coordinates": [
          [
            50.791438,
            11.081607
          ],
          [
            52.68791,
            18.32232
          ],
          [
            54.584381,
            19.563033
          ]
        ]
      }
    },
    {
      "type": "Feature",
      "properties": {
        "from": "Bolivia",
        "fromIso": "BO",
        "to": "Australia",
        "toIso": "AU",
        "mode": "land",
        "distance": 14.058364
      },
      "geometry": {
        "type": "LineString",
        "coordinates": [
          [
            50.791438,
            11.081607
          ],
          [
            44.715846,
            4.546556
          ],
          [
            38.640255,
            4.011505
          ]
        ]
      }
    },
    {
      "type": "Feature",
      "properties": {
        "from": "Bolivia",
        "fromIso": "BO",
        "to": "Argentina",
        "toIso": "AR",
        "mode": "ship",
        "distance": 36.279686
      },
      "geometry": {
        "type": "LineString",
        "coordinates": [
          [
            50.791438,
            11.081607
          ],
          [
            32.749251,
            22.961337
          ],
          [
            14.707064,
            14.841067
          ]
        ]
      }
    },
    {
      "type": "Feature",
      "properties": {
        "from": "Bosnia & Herzegovina",
        "fromIso": "BA",
        "to": "Cape Verde",
        "toIso": "CV",
        "mode": "land",
        "distance": 12.116801
      },
      "geometry": {
        "type": "LineString",
        "coordinates": [
          [
            -22.011812,
            -24.837047
          ],
          [
            -17.216471,
            -31.539603
          ],
          [
            -12.42113,
            -32.242159
          ]
        ]
      }
    },
    {
      "type": "Feature",
      "properties": {
        "from": "Bosnia & Herzegovina",
        "fromIso": "BA",
        "to": "Eritrea",
        "toIso": "ER",
        "mode": "ship",
        "distance": 35.33103
      },
      "geometry": {
        "type": "LineString",
        "coordinates": [
          [
            -22.011812,
            -24.837047
          ],
          [
            -39.086141,
            -39.3689
          ],
          [
            -56.160471,
            -33.900753
          ]
        ]
      }
    },
    {
      "type": "Feature",
      "properties": {
        "from": "Botswana",
        "fromIso": "BW",
        "to": "Colombia",
        "toIso": "CO",
        "mode": "land",
        "distance": 10.285401
      },
      "geometry": {
        "type": "LineString",
        "coordinates": [
          [
            -19.651439,
            25.800336
          ],
          [
            -17.888906,
            33.631573
          ],
          [
            -16.126374,
            35.462809
          ]
        ]
      }
    },
    {
      "type": "Feature",
      "properties": {
        "from": "Botswana",
        "fromIso": "BW",
        "to": "Belarus",
        "toIso": "BY",
        "mode": "land",
        "distance": 14.25227
      },
      "geometry": {
        "type": "LineString",
        "coordinates": [
          [
            -19.651439,
            25.800336
          ],
          [
            -25.546128,
            18.796034
          ],
          [
            -31.440817,
            17.791731
          ]
        ]
      }
    },
    {
      "type": "Feature",
      "properties": {
        "from": "Botswana",
        "fromIso": "BW",
        "to": "Mauritania",
        "toIso": "MR",
        "mode": "ship",
        "distance": 35.170778
      },
      "geometry": {
        "type": "LineString",
        "coordinates": [
          [
            -19.651439,
            25.800336
          ],
          [
            -25.339763,
            52.440314
          ],
          [
            -31.028087,
            59.080292
          ]
        ]
      }
    },
    {
      "type": "Feature",
      "properties": {
        "from": "Bouvet Island",
        "fromIso": "BV",
        "to": "Cambodia",
        "toIso": "KH",
        "mode": "land",
        "distance": 12.769247
      },
      "geometry": {
        "type": "LineString",
        "coordinates": [
          [
            52.306194,
            -12.981705
          ],
          [
            48.575586,
            -21.163016
          ],
          [
            44.844978,
            -23.344326
          ]
        ]
      }
    },
    {
      "type": "Feature",
      "properties": {
        "from": "Bouvet Island",
        "fromIso": "BV",
        "to": "Jersey",
        "toIso": "JE",
        "mode": "ship",
        "distance": 35.057058
      },
      "geometry": {
        "type": "LineString",
        "coordinates": [
          [
            52.306194,
            -12.981705
          ],
          [
            56.732276,
            -39.942222
          ],
          [
            61.158359,
            -46.902738
          ]
        ]
      }
    },
    {
      "type": "Feature",
      "properties": {
        "from": "Brazil",
        "fromIso": "BR",
        "to": "Central African Republic",
        "toIso": "CF",
        "mode": "land",
        "distance": 10.166943
      },
      "geometry": {
        "type": "LineString",
        "coordinates": [
          [
            -58.11544,
            -7.233993
          ],
          [
            -61.065757,
            -14.373717
          ],
          [
            -64.016073,
            -15.513441
          ]
        ]
      }
    },
    {
      "type": "Feature",
      "properties": {
        "from": "Brazil",
        "fromIso": "BR",
        "to": "Cameroon",
        "toIso": "CM",
        "mode": "land",
        "distance": 13.747241
      },
      "geometry": {
        "type": "LineString",
        "coordinates": [
          [
            -58.11544,
            -7.233993
          ],
          [
            -62.733873,
            0.856855
          ],
          [
            -67.352305,
            2.947704
          ]
        ]
      }
    },
    {
      "type": "Feature",
      "properties": {
        "from": "British Indian Ocean Territory",
        "fromIso": "IO",
        "to": "Chad",
        "toIso": "TD",
        "mode": "land",
        "distance": 11.103695
      },
      "geometry": {
        "type": "LineString",
        "coordinates": [
          [
            33.041955,
            24.266476
          ],
          [
            29.171691,
            31.246937
          ],
          [
            25.301427,
            32.227398
          ]
        ]
      }
    },
    {
      "type": "Feature",
      "properties": {
        "from": "British Virgin Islands",
        "fromIso": "VG",
        "to": "Cook Islands",
        "toIso": "CK",
        "mode": "land",
        "distance": 11.636227
      },
      "geometry": {
        "type": "LineString",
        "coordinates": [
          [
            10.513449,
            -28.888076
          ],
          [
            6.712326,
            -36.292836
          ],
          [
            2.911204,
            -37.697597
          ]
        ]
      }
    },
    {
      "type": "Feature",
      "properties": {
        "from": "British Virgin Islands",
        "fromIso": "VG",
        "to": "French Polynesia",
        "toIso": "PF",
        "mode": "ship",
        "distance": 35.73449
      },
      "geometry": {
        "type": "LineString",
        "coordinates": [
          [
            10.513449,
            -28.888076
          ],
          [
            27.309217,
            -44.982385
          ],
          [
            44.104986,
            -41.076695
          ]
        ]
      }
    },
    {
      "type": "Feature",
      "properties": {
        "from": "Brunei",
        "fromIso": "BN",
        "to": "Costa Rica",
        "toIso": "CR",
        "mode": "land",
        "distance": 11.173034
      },
      "geometry": {
        "type": "LineString",
        "coordinates": [
          [
            -49.836141,
            18.225846
          ],
          [
            -53.216901,
            25.673276
          ],
          [
            -56.597661,
            27.120706
          ]
        ]
      }
    },
    {
      "type": "Feature",
      "properties": {
        "from": "Brunei",
        "fromIso": "BN",
        "to": "Congo - Brazzaville",
        "toIso": "CG",
        "mode": "ship",
        "distance": 36.051083
      },
      "geometry": {
        "type": "LineString",
        "coordinates": [
          [
            -49.836141,
            18.225846
          ],
          [
            -63.798061,
            -3.175248
          ],
          [
            -77.759981,
            -4.576342
          ]
        ]
      }
    },
    {
      "type": "Feature",
      "properties": {
        "from": "Bulgaria",
        "fromIso": "BG",
        "to": "Christmas Island",
        "toIso": "CX",
        "mode": "land",
        "distance": 11.381202
      },
      "geometry": {
        "type": "LineString",
        "coordinates": [
          [
            63.763478,
            2.494596
          ],
          [
            67.825107,
            9.480334
          ],
          [
            71.886736,
            10.466073
          ]
        ]
      }
    },
    {
      "type": "Feature",
      "properties": {
        "from": "Bulgaria",
        "fromIso": "BG",
        "to": "Cayman Islands",
        "toIso": "KY",
        "mode": "land",
        "distance": 12.34962
      },
      "geometry": {
        "type": "LineString",
        "coordinates": [
          [
            63.763478,
            2.494596
          ],
          [
            66.173239,
            -6.190589
          ],
          [
            68.583,
            -8.875774
          ]
        ]
      }
    },
    {
      "type": "Feature",
      "properties": {
        "from": "Bulgaria",
        "fromIso": "BG",
        "to": "Germany",
        "toIso": "DE",
        "mode": "ship",
        "distance": 35.084225
      },
      "geometry": {
        "type": "LineString",
        "coordinates": [
          [
            63.763478,
            2.494596
          ],
          [
            75.139736,
            -20.858549
          ],
          [
            86.515993,
            -24.211694
          ]
        ]
      }
    },
    {
      "type": "Feature",
      "properties": {
        "from": "Burkina Faso",
        "fromIso": "BF",
        "to": "Cocos (Keeling) Islands",
        "toIso": "CC",
        "mode": "land",
        "distance": 10.178309
      },
      "geometry": {
        "type": "LineString",
        "coordinates": [
          [
            -44.083132,
            -22.502604
          ],
          [
            -41.260743,
            -29.737414
          ],
          [
            -38.438354,
            -30.972223
          ]
        ]
      }
    },
    {
      "type": "Feature",
      "properties": {
        "from": "Burkina Faso",
        "fromIso": "BF",
        "to": "Martinique",
        "toIso": "MQ",
        "mode": "ship",
        "distance": 35.307743
      },
      "geometry": {
        "type": "LineString",
        "coordinates": [
          [
            -44.083132,
            -22.502604
          ],
          [
            -52.74584,
            -47.884953
          ],
          [
            -61.408548,
            -53.267302
          ]
        ]
      }
    },
    {
      "type": "Feature",
      "properties": {
        "from": "Cambodia",
        "fromIso": "KH",
        "to": "Curaçao",
        "toIso": "CW",
        "mode": "land",
        "distance": 9.505554
      },
      "geometry": {
        "type": "LineString",
        "coordinates": [
          [
            44.844978,
            -23.344326
          ],
          [
            46.118617,
            -30.923271
          ],
          [
            47.392256,
            -32.502215
          ]
        ]
      }
    },
    {
      "type": "Feature",
      "properties": {
        "from": "Cambodia",
        "fromIso": "KH",
        "to": "Dominica",
        "toIso": "DM",
        "mode": "ship",
        "distance": 36.074451
      },
      "geometry": {
        "type": "LineString",
        "coordinates": [
          [
            44.844978,
            -23.344326
          ],
          [
            62.510934,
            -9.703513
          ],
          [
            80.176889,
            -16.0627
          ]
        ]
      }
    },
    {
      "type": "Feature",
      "properties": {
        "from": "Cameroon",
        "fromIso": "CM",
        "to": "China",
        "toIso": "CN",
        "mode": "land",
        "distance": 12.103191
      },
      "geometry": {
        "type": "LineString",
        "coordinates": [
          [
            -67.352305,
            2.947704
          ],
          [
            -67.30174,
            11.999088
          ],
          [
            -67.251176,
            15.050472
          ]
        ]
      }
    },
    {
      "type": "Feature",
      "properties": {
        "from": "Cameroon",
        "fromIso": "CM",
        "to": "Congo - Brazzaville",
        "toIso": "CG",
        "mode": "land",
        "distance": 12.842546
      },
      "geometry": {
        "type": "LineString",
        "coordinates": [
          [
            -67.352305,
            2.947704
          ],
          [
            -72.556143,
            -3.814319
          ],
          [
            -77.759981,
            -4.576342
          ]
        ]
      }
    },
    {
      "type": "Feature",
      "properties": {
        "from": "Cameroon",
        "fromIso": "CM",
        "to": "Hungary",
        "toIso": "HU",
        "mode": "ship",
        "distance": 36.845236
      },
      "geometry": {
        "type": "LineString",
        "coordinates": [
          [
            -67.352305,
            2.947704
          ],
          [
            -82.230863,
            23.811467
          ],
          [
            -97.109421,
            24.675231
          ]
        ]
      }
    },
    {
      "type": "Feature",
      "properties": {
        "from": "Canada",
        "fromIso": "CA",
        "to": "Congo - Kinshasa",
        "toIso": "CD",
        "mode": "land",
        "distance": 9.482094
      },
      "geometry": {
        "type": "LineString",
        "coordinates": [
          [
            54.584381,
            19.563033
          ],
          [
            52.935741,
            27.008201
          ],
          [
            51.287101,
            28.453368
          ]
        ]
      }
    },
    {
      "type": "Feature",
      "properties": {
        "from": "Cape Verde",
        "fromIso": "CV",
        "to": "Faroe Islands",
        "toIso": "FO",
        "mode": "land",
        "distance": 12.549524
      },
      "geometry": {
        "type": "LineString",
        "coordinates": [
          [
            -12.42113,
            -32.242159
          ],
          [
            -10.7952,
            -41.302604
          ],
          [
            -9.16927,
            -44.363048
          ]
        ]
      }
    },
    {
      "type": "Feature",
      "properties": {
        "from": "Caribbean Netherlands",
        "fromIso": "BQ",
        "to": "Djibouti",
        "toIso": "DJ",
        "mode": "land",
        "distance": 9.174507
      },
      "geometry": {
        "type": "LineString",
        "coordinates": [
          [
            -37.421014,
            28.081041
          ],
          [
            -36.638036,
            35.600979
          ],
          [
            -35.855057,
            37.120917
          ]
        ]
      }
    },
    {
      "type": "Feature",
      "properties": {
        "from": "Caribbean Netherlands",
        "fromIso": "BQ",
        "to": "Namibia",
        "toIso": "NA",
        "mode": "ship",
        "distance": 36.620738
      },
      "geometry": {
        "type": "LineString",
        "coordinates": [
          [
            -37.421014,
            28.081041
          ],
          [
            -48.610657,
            52.57454
          ],
          [
            -59.800299,
            57.068039
          ]
        ]
      }
    },
    {
      "type": "Feature",
      "properties": {
        "from": "Cayman Islands",
        "fromIso": "KY",
        "to": "Comoros",
        "toIso": "KM",
        "mode": "land",
        "distance": 13.443679
      },
      "geometry": {
        "type": "LineString",
        "coordinates": [
          [
            68.583,
            -8.875774
          ],
          [
            65.918802,
            -18.047093
          ],
          [
            63.254604,
            -21.218412
          ]
        ]
      }
    },
    {
      "type": "Feature",
      "properties": {
        "from": "Central African Republic",
        "fromIso": "CF",
        "to": "Croatia",
        "toIso": "HR",
        "mode": "land",
        "distance": 9.212701
      },
      "geometry": {
        "type": "LineString",
        "coordinates": [
          [
            -64.016073,
            -15.513441
          ],
          [
            -63.658496,
            -23.105891
          ],
          [
            -63.300919,
            -24.698342
          ]
        ]
      }
    },
    {
      "type": "Feature",
      "properties": {
        "from": "Central African Republic",
        "fromIso": "CF",
        "to": "Ghana",
        "toIso": "GH",
        "mode": "ship",
        "distance": 35.458911
      },
      "geometry": {
        "type": "LineString",
        "coordinates": [
          [
            -64.016073,
            -15.513441
          ],
          [
            -81.514019,
            -2.657662
          ],
          [
            -99.011965,
            -9.801883
          ]
        ]
      }
    },
    {
      "type": "Feature",
      "properties": {
        "from": "Chad",
        "fromIso": "TD",
        "to": "French Guiana",
        "toIso": "GF",
        "mode": "land",
        "distance": 11.873214
      },
      "geometry": {
        "type": "LineString",
        "coordinates": [
          [
            25.301427,
            32.227398
          ],
          [
            25.685679,
            41.151556
          ],
          [
            26.069932,
            44.075715
          ]
        ]
      }
    },
    {
      "type": "Feature",
      "properties": {
        "from": "Chad",
        "fromIso": "TD",
        "to": "Antarctica",
        "toIso": "AQ",
        "mode": "ship",
        "distance": 37.453425
      },
      "geometry": {
        "type": "LineString",
        "coordinates": [
          [
            25.301427,
            32.227398
          ],
          [
            27.227006,
            3.599948
          ],
          [
            29.152584,
            -5.027503
          ]
        ]
      }
    },
    {
      "type": "Feature",
      "properties": {
        "from": "Chile",
        "fromIso": "CL",
        "to": "Egypt",
        "toIso": "EG",
        "mode": "land",
        "distance": 10.151555
      },
      "geometry": {
        "type": "LineString",
        "coordinates": [
          [
            27.753301,
            -32.193888
          ],
          [
            25.027171,
            -39.475445
          ],
          [
            22.30104,
            -40.757002
          ]
        ]
      }
    },
    {
      "type": "Feature",
      "properties": {
        "from": "Chile",
        "fromIso": "CL",
        "to": "Poland",
        "toIso": "PL",
        "mode": "ship",
        "distance": 36.252449
      },
      "geometry": {
        "type": "LineString",
        "coordinates": [
          [
            27.753301,
            -32.193888
          ],
          [
            24.80275,
            -60.078358
          ],
          [
            21.852198,
            -67.962828
          ]
        ]
      }
    },
    {
      "type": "Feature",
      "properties": {
        "from": "China",
        "fromIso": "CN",
        "to": "El Salvador",
        "toIso": "SV",
        "mode": "land",
        "distance": 11.398473
      },
      "geometry": {
        "type": "LineString",
        "coordinates": [
          [
            -67.251176,
            15.050472
          ],
          [
            -71.280122,
            22.081463
          ],
          [
            -75.309068,
            23.112454
          ]
        ]
      }
    },
    {
      "type": "Feature",
      "properties": {
        "from": "China",
        "fromIso": "CN",
        "to": "Belarus",
        "toIso": "BY",
        "mode": "ship",
        "distance": 35.915127
      },
      "geometry": {
        "type": "LineString",
        "coordinates": [
          [
            -67.251176,
            15.050472
          ],
          [
            -49.345996,
            26.421101
          ],
          [
            -31.440817,
            17.791731
          ]
        ]
      }
    },
    {
      "type": "Feature",
      "properties": {
        "from": "Christmas Island",
        "fromIso": "CX",
        "to": "Czechia",
        "toIso": "CZ",
        "mode": "land",
        "distance": 9.544808
      },
      "geometry": {
        "type": "LineString",
        "coordinates": [
          [
            71.886736,
            10.466073
          ],
          [
            72.918839,
            18.125536
          ],
          [
            73.950943,
            19.785
          ]
        ]
      }
    },
    {
      "type": "Feature",
      "properties": {
        "from": "Christmas Island",
        "fromIso": "CX",
        "to": "Iceland",
        "toIso": "IS",
        "mode": "ship",
        "distance": 35.622817
      },
      "geometry": {
        "type": "LineString",
        "coordinates": [
          [
            71.886736,
            10.466073
          ],
          [
            89.6584,
            21.655278
          ],
          [
            107.430065,
            12.844482
          ]
        ]
      }
    },
    {
      "type": "Feature",
      "properties": {
        "from": "Cocos (Keeling) Islands",
        "fromIso": "CC",
        "to": "Gambia",
        "toIso": "GM",
        "mode": "land",
        "distance": 12.210406
      },
      "geometry": {
        "type": "LineString",
        "coordinates": [
          [
            -38.438354,
            -30.972223
          ],
          [
            -40.714508,
            -39.637259
          ],
          [
            -42.990663,
            -42.302294
          ]
        ]
      }
    },
    {
      "type": "Feature",
      "properties": {
        "from": "Cocos (Keeling) Islands",
        "fromIso": "CC",
        "to": "Guadeloupe",
        "toIso": "GP",
        "mode": "ship",
        "distance": 36.217951
      },
      "geometry": {
        "type": "LineString",
        "coordinates": [
          [
            -38.438354,
            -30.972223
          ],
          [
            -56.469207,
            -42.652499
          ],
          [
            -74.50006,
            -34.332775
          ]
        ]
      }
    },
    {
      "type": "Feature",
      "properties": {
        "from": "Colombia",
        "fromIso": "CO",
        "to": "Estonia",
        "toIso": "EE",
        "mode": "land",
        "distance": 11.877161
      },
      "geometry": {
        "type": "LineString",
        "coordinates": [
          [
            -16.126374,
            35.462809
          ],
          [
            -11.62993,
            42.342078
          ],
          [
            -7.133486,
            43.221347
          ]
        ]
      }
    },
    {
      "type": "Feature",
      "properties": {
        "from": "Colombia",
        "fromIso": "CO",
        "to": "Argentina",
        "toIso": "AR",
        "mode": "ship",
        "distance": 37.093896
      },
      "geometry": {
        "type": "LineString",
        "coordinates": [
          [
            -16.126374,
            35.462809
          ],
          [
            -0.709655,
            15.151938
          ],
          [
            14.707064,
            14.841067
          ]
        ]
      }
    },
    {
      "type": "Feature",
      "properties": {
        "from": "Comoros",
        "fromIso": "KM",
        "to": "Eswatini",
        "toIso": "SZ",
        "mode": "land",
        "distance": 9.607312
      },
      "geometry": {
        "type": "LineString",
        "coordinates": [
          [
            63.254604,
            -21.218412
          ],
          [
            65.40904,
            -28.51184
          ],
          [
            67.563475,
            -29.805267
          ]
        ]
      }
    },
    {
      "type": "Feature",
      "properties": {
        "from": "Congo - Brazzaville",
        "fromIso": "CG",
        "to": "Dominican Republic",
        "toIso": "DO",
        "mode": "land",
        "distance": 10.519608
      },
      "geometry": {
        "type": "LineString",
        "coordinates": [
          [
            -77.759981,
            -4.576342
          ],
          [
            -80.252905,
            -12.20785
          ],
          [
            -82.745829,
            -13.839358
          ]
        ]
      }
    },
    {
      "type": "Feature",
      "properties": {
        "from": "Congo - Brazzaville",
        "fromIso": "CG",
        "to": "Hungary",
        "toIso": "HU",
        "mode": "ship",
        "distance": 35.072145
      },
      "geometry": {
        "type": "LineString",
        "coordinates": [
          [
            -77.759981,
            -4.576342
          ],
          [
            -87.434701,
            20.049444
          ],
          [
            -97.109421,
            24.675231
          ]
        ]
      }
    },
    {
      "type": "Feature",
      "properties": {
        "from": "Congo - Kinshasa",
        "fromIso": "CD",
        "to": "Ecuador",
        "toIso": "EC",
        "mode": "land",
        "distance": 12.888382
      },
      "geometry": {
        "type": "LineString",
        "coordinates": [
          [
            51.287101,
            28.453368
          ],
          [
            46.412778,
            35.668647
          ],
          [
            41.538455,
            36.883925
          ]
        ]
      }
    },
    {
      "type": "Feature",
      "properties": {
        "from": "Congo - Kinshasa",
        "fromIso": "CD",
        "to": "Mexico",
        "toIso": "MX",
        "mode": "ship",
        "distance": 35.847901
      },
      "geometry": {
        "type": "LineString",
        "coordinates": [
          [
            51.287101,
            28.453368
          ],
          [
            66.283036,
            48.271205
          ],
          [
            81.278972,
            48.089041
          ]
        ]
      }
    },
    {
      "type": "Feature",
      "properties": {
        "from": "Cook Islands",
        "fromIso": "CK",
        "to": "Faroe Islands",
        "toIso": "FO",
        "mode": "land",
        "distance": 13.797322
      },
      "geometry": {
        "type": "LineString",
        "coordinates": [
          [
            2.911204,
            -37.697597
          ],
          [
            -3.129033,
            -44.030322
          ],
          [
            -9.16927,
            -44.363048
          ]
        ]
      }
    },
    {
      "type": "Feature",
      "properties": {
        "from": "Cook Islands",
        "fromIso": "CK",
        "to": "Somalia",
        "toIso": "SO",
        "mode": "ship",
        "distance": 35.020573
      },
      "geometry": {
        "type": "LineString",
        "coordinates": [
          [
            2.911204,
            -37.697597
          ],
          [
            2.759865,
            -65.20723
          ],
          [
            2.608526,
            -72.716862
          ]
        ]
      }
    },
    {
      "type": "Feature",
      "properties": {
        "from": "Costa Rica",
        "fromIso": "CR",
        "to": "Fiji",
        "toIso": "FJ",
        "mode": "land",
        "distance": 8.769298
      },
      "geometry": {
        "type": "LineString",
        "coordinates": [
          [
            -56.597661,
            27.120706
          ],
          [
            -56.83873,
            34.498723
          ],
          [
            -57.079799,
            35.87674
          ]
        ]
      }
    },
    {
      "type": "Feature",
      "properties": {
        "from": "Costa Rica",
        "fromIso": "CR",
        "to": "French Southern Territories",
        "toIso": "TF",
        "mode": "ship",
        "distance": 36.874579
      },
      "geometry": {
        "type": "LineString",
        "coordinates": [
          [
            -56.597661,
            27.120706
          ],
          [
            -74.226684,
            11.721521
          ],
          [
            -91.855707,
            16.322336
          ]
        ]
      }
    },
    {
      "type": "Feature",
      "properties": {
        "from": "Côte d’Ivoire",
        "fromIso": "CI",
        "to": "Equatorial Guinea",
        "toIso": "GQ",
        "mode": "land",
        "distance": 12.023857
      },
      "geometry": {
        "type": "LineString",
        "coordinates": [
          [
            81.270379,
            -1.962277
          ],
          [
            85.260419,
            5.534707
          ],
          [
            89.250458,
            7.031692
          ]
        ]
      }
    },
    {
      "type": "Feature",
      "properties": {
        "from": "Côte d’Ivoire",
        "fromIso": "CI",
        "to": "Dominica",
        "toIso": "DM",
        "mode": "land",
        "distance": 14.14276
      },
      "geometry": {
        "type": "LineString",
        "coordinates": [
          [
            81.270379,
            -1.962277
          ],
          [
            80.723634,
            -12.012488
          ],
          [
            80.176889,
            -16.0627
          ]
        ]
      }
    },
    {
      "type": "Feature",
      "properties": {
        "from": "Côte d’Ivoire",
        "fromIso": "CI",
        "to": "Kazakhstan",
        "toIso": "KZ",
        "mode": "ship",
        "distance": 35.970983
      },
      "geometry": {
        "type": "LineString",
        "coordinates": [
          [
            81.270379,
            -1.962277
          ],
          [
            93.239603,
            21.462163
          ],
          [
            105.208826,
            24.886603
          ]
        ]
      }
    },
    {
      "type": "Feature",
      "properties": {
        "from": "Croatia",
        "fromIso": "HR",
        "to": "Eritrea",
        "toIso": "ER",
        "mode": "land",
        "distance": 11.647762
      },
      "geometry": {
        "type": "LineString",
        "coordinates": [
          [
            -63.300919,
            -24.698342
          ],
          [
            -59.730695,
            -32.299548
          ],
          [
            -56.160471,
            -33.900753
          ]
        ]
      }
    },
    {
      "type": "Feature",
      "properties": {
        "from": "Croatia",
        "fromIso": "HR",
        "to": "Heard & McDonald Islands",
        "toIso": "HM",
        "mode": "ship",
        "distance": 35.932731
      },
      "geometry": {
        "type": "LineString",
        "coordinates": [
          [
            -63.300919,
            -24.698342
          ],
          [
            -81.1749,
            -12.878699
          ],
          [
            -99.048881,
            -21.059057
          ]
        ]
      }
    },
    {
      "type": "Feature",
      "properties": {
        "from": "Cuba",
        "fromIso": "CU",
        "to": "Guam",
        "toIso": "GU",
        "mode": "land",
        "distance": 11.990905
      },
      "geometry": {
        "type": "LineString",
        "coordinates": [
          [
            11.447242,
            38.744985
          ],
          [
            8.651104,
            47.04848
          ],
          [
            5.854966,
            49.351976
          ]
        ]
      }
    },
    {
      "type": "Feature",
      "properties": {
        "from": "Cuba",
        "fromIso": "CU",
        "to": "Burundi",
        "toIso": "BI",
        "mode": "land",
        "distance": 13.505539
      },
      "geometry": {
        "type": "LineString",
        "coordinates": [
          [
            11.447242,
            38.744985
          ],
          [
            5.884206,
            31.917123
          ],
          [
            0.32117,
            31.089261
          ]
        ]
      }
    },
    {
      "type": "Feature",
      "properties": {
        "from": "Cuba",
        "fromIso": "CU",
        "to": "South Sudan",
        "toIso": "SS",
        "mode": "ship",
        "distance": 36.232497
      },
      "geometry": {
        "type": "LineString",
        "coordinates": [
          [
            11.447242,
            38.744985
          ],
          [
            17.972812,
            65.645145
          ],
          [
            24.498383,
            72.545304
          ]
        ]
      }
    },
    {
      "type": "Feature",
      "properties": {
        "from": "Curaçao",
        "fromIso": "CW",
        "to": "French Polynesia",
        "toIso": "PF",
        "mode": "land",
        "distance": 9.18302
      },
      "geometry": {
        "type": "LineString",
        "coordinates": [
          [
            47.392256,
            -32.502215
          ],
          [
            45.748621,
            -39.789455
          ],
          [
            44.104986,
            -41.076695
          ]
        ]
      }
    },
    {
      "type": "Feature",
      "properties": {
        "from": "Curaçao",
        "fromIso": "CW",
        "to": "Montserrat",
        "toIso": "MS",
        "mode": "ship",
        "distance": 36.306254
      },
      "geometry": {
        "type": "LineString",
        "coordinates": [
          [
            47.392256,
            -32.502215
          ],
          [
            63.131219,
            -51.547715
          ],
          [
            78.870182,
            -50.593215
          ]
        ]
      }
    },
    {
      "type": "Feature",
      "properties": {
        "from": "Cyprus",
        "fromIso": "CY",
        "to": "French Southern Territories",
        "toIso": "TF",
        "mode": "land",
        "distance": 12.213444
      },
      "geometry": {
        "type": "LineString",
        "coordinates": [
          [
            -82.137423,
            8.924825
          ],
          [
            -86.996565,
            15.62358
          ],
          [
            -91.855707,
            16.322336
          ]
        ]
      }
    },
    {
      "type": "Feature",
      "properties": {
        "from": "Cyprus",
        "fromIso": "CY",
        "to": "Ethiopia",
        "toIso": "ET",
        "mode": "land",
        "distance": 13.871646
      },
      "geometry": {
        "type": "LineString",
        "coordinates": [
          [
            -82.137423,
            8.924825
          ],
          [
            -87.62019,
            1.676895
          ],
          [
            -93.102957,
            0.428965
          ]
        ]
      }
    },
    {
      "type": "Feature",
      "properties": {
        "from": "Cyprus",
        "fromIso": "CY",
        "to": "Moldova",
        "toIso": "MD",
        "mode": "ship",
        "distance": 36.180204
      },
      "geometry": {
        "type": "LineString",
        "coordinates": [
          [
            -82.137423,
            8.924825
          ],
          [
            -88.571981,
            35.831873
          ],
          [
            -95.006539,
            42.73892
          ]
        ]
      }
    },
    {
      "type": "Feature",
      "properties": {
        "from": "Czechia",
        "fromIso": "CZ",
        "to": "Falkland Islands",
        "toIso": "FK",
        "mode": "land",
        "distance": 10.664889
      },
      "geometry": {
        "type": "LineString",
        "coordinates": [
          [
            73.950943,
            19.785
          ],
          [
            71.847563,
            27.685077
          ],
          [
            69.744183,
            29.585155
          ]
        ]
      }
    },
    {
      "type": "Feature",
      "properties": {
        "from": "Czechia",
        "fromIso": "CZ",
        "to": "Dominica",
        "toIso": "DM",
        "mode": "ship",
        "distance": 36.384337
      },
      "geometry": {
        "type": "LineString",
        "coordinates": [
          [
            73.950943,
            19.785
          ],
          [
            77.063916,
            -8.13885
          ],
          [
            80.176889,
            -16.0627
          ]
        ]
      }
    },
    {
      "type": "Feature",
      "properties": {
        "from": "Denmark",
        "fromIso": "DK",
        "to": "Guinea-Bissau",
        "toIso": "GW",
        "mode": "land",
        "distance": 10.845089
      },
      "geometry": {
        "type": "LineString",
        "coordinates": [
          [
            -26.44533,
            -38.494662
          ],
          [
            -25.467846,
            -46.828377
          ],
          [
            -24.490362,
            -49.162092
          ]
        ]
      }
    },
    {
      "type": "Feature",
      "properties": {
        "from": "Denmark",
        "fromIso": "DK",
        "to": "Cocos (Keeling) Islands",
        "toIso": "CC",
        "mode": "land",
        "distance": 14.156967
      },
      "geometry": {
        "type": "LineString",
        "coordinates": [
          [
            -26.44533,
            -38.494662
          ],
          [
            -32.441842,
            -31.733442
          ],
          [
            -38.438354,
            -30.972223
          ]
        ]
      }
    },
    {
      "type": "Feature",
      "properties": {
        "from": "Denmark",
        "fromIso": "DK",
        "to": "India",
        "toIso": "IN",
        "mode": "ship",
        "distance": 35.121164
      },
      "geometry": {
        "type": "LineString",
        "coordinates": [
          [
            -26.44533,
            -38.494662
          ],
          [
            -43.792523,
            -51.223937
          ],
          [
            -61.139715,
            -43.953213
          ]
        ]
      }
    },
    {
      "type": "Feature",
      "properties": {
        "from": "Djibouti",
        "fromIso": "DJ",
        "to": "Georgia",
        "toIso": "GE",
        "mode": "land",
        "distance": 10.5879
      },
      "geometry": {
        "type": "LineString",
        "coordinates": [
          [
            -35.855057,
            37.120917
          ],
          [
            -32.420772,
            44.149762
          ],
          [
            -28.986488,
            45.178608
          ]
        ]
      }
    },
    {
      "type": "Feature",
      "properties": {
        "from": "Djibouti",
        "fromIso": "DJ",
        "to": "Madagascar",
        "toIso": "MG",
        "mode": "ship",
        "distance": 36.093682
      },
      "geometry": {
        "type": "LineString",
        "coordinates": [
          [
            -35.855057,
            37.120917
          ],
          [
            -52.899201,
            53.052663
          ],
          [
            -69.943345,
            48.98441
          ]
        ]
      }
    },
    {
      "type": "Feature",
      "properties": {
        "from": "Dominica",
        "fromIso": "DM",
        "to": "Germany",
        "toIso": "DE",
        "mode": "land",
        "distance": 10.32426
      },
      "geometry": {
        "type": "LineString",
        "coordinates": [
          [
            80.176889,
            -16.0627
          ],
          [
            83.346441,
            -23.137197
          ],
          [
            86.515993,
            -24.211694
          ]
        ]
      }
    },
    {
      "type": "Feature",
      "properties": {
        "from": "Dominica",
        "fromIso": "DM",
        "to": "Cayman Islands",
        "toIso": "KY",
        "mode": "land",
        "distance": 13.640754
      },
      "geometry": {
        "type": "LineString",
        "coordinates": [
          [
            80.176889,
            -16.0627
          ],
          [
            74.379944,
            -9.469237
          ],
          [
            68.583,
            -8.875774
          ]
        ]
      }
    },
    {
      "type": "Feature",
      "properties": {
        "from": "Dominica",
        "fromIso": "DM",
        "to": "Gabon",
        "toIso": "GA",
        "mode": "ship",
        "distance": 35.347802
      },
      "geometry": {
        "type": "LineString",
        "coordinates": [
          [
            80.176889,
            -16.0627
          ],
          [
            85.912098,
            10.654781
          ],
          [
            91.647306,
            17.372261
          ]
        ]
      }
    },
    {
      "type": "Feature",
      "properties": {
        "from": "Dominican Republic",
        "fromIso": "DO",
        "to": "France",
        "toIso": "FR",
        "mode": "land",
        "distance": 10.238659
      },
      "geometry": {
        "type": "LineString",
        "coordinates": [
          [
            -82.745829,
            -13.839358
          ],
          [
            -82.244006,
            -21.934033
          ],
          [
            -81.742184,
            -24.028707
          ]
        ]
      }
    },
    {
      "type": "Feature",
      "properties": {
        "from": "Dominican Republic",
        "fromIso": "DO",
        "to": "India",
        "toIso": "IN",
        "mode": "ship",
        "distance": 37.063033
      },
      "geometry": {
        "type": "LineString",
        "coordinates": [
          [
            -82.745829,
            -13.839358
          ],
          [
            -71.942772,
            -38.896285
          ],
          [
            -61.139715,
            -43.953213
          ]
        ]
      }
    },
    {
      "type": "Feature",
      "properties": {
        "from": "Ecuador",
        "fromIso": "EC",
        "to": "Honduras",
        "toIso": "HN",
        "mode": "land",
        "distance": 10.59912
      },
      "geometry": {
        "type": "LineString",
        "coordinates": [
          [
            41.538455,
            36.883925
          ],
          [
            42.334235,
            45.123397
          ],
          [
            43.130014,
            47.36287
          ]
        ]
      }
    },
    {
      "type": "Feature",
      "properties": {
        "from": "Ecuador",
        "fromIso": "EC",
        "to": "Ireland",
        "toIso": "IE",
        "mode": "ship",
        "distance": 36.409605
      },
      "geometry": {
        "type": "LineString",
        "coordinates": [
          [
            41.538455,
            36.883925
          ],
          [
            59.712831,
            47.936019
          ],
          [
            77.887206,
            38.988113
          ]
        ]
      }
    },
    {
      "type": "Feature",
      "properties": {
        "from": "Egypt",
        "fromIso": "EG",
        "to": "Greece",
        "toIso": "GR",
        "mode": "land",
        "distance": 12.453732
      },
      "geometry": {
        "type": "LineString",
        "coordinates": [
          [
            22.30104,
            -40.757002
          ],
          [
            17.231451,
            -47.372681
          ],
          [
            12.161863,
            -47.988359
          ]
        ]
      }
    },
    {
      "type": "Feature",
      "properties": {
        "from": "El Salvador",
        "fromIso": "SV",
        "to": "Greenland",
        "toIso": "GL",
        "mode": "land",
        "distance": 9.00356
      },
      "geometry": {
        "type": "LineString",
        "coordinates": [
          [
            -75.309068,
            23.112454
          ],
          [
            -76.683286,
            30.399358
          ],
          [
            -78.057504,
            31.686263
          ]
        ]
      }
    },
    {
      "type": "Feature",
      "properties": {
        "from": "El Salvador",
        "fromIso": "SV",
        "to": "San Marino",
        "toIso": "SM",
        "mode": "ship",
        "distance": 37.296939
      },
      "geometry": {
        "type": "LineString",
        "coordinates": [
          [
            -75.309068,
            23.112454
          ],
          [
            -76.159349,
            51.741529
          ],
          [
            -77.009631,
            60.370604
          ]
        ]
      }
    },
    {
      "type": "Feature",
      "properties": {
        "from": "Equatorial Guinea",
        "fromIso": "GQ",
        "to": "Gabon",
        "toIso": "GA",
        "mode": "land",
        "distance": 10.614718
      },
      "geometry": {
        "type": "LineString",
        "coordinates": [
          [
            89.250458,
            7.031692
          ],
          [
            90.448882,
            15.201977
          ],
          [
            91.647306,
            17.372261
          ]
        ]
      }
    },
    {
      "type": "Feature",
      "properties": {
        "from": "Equatorial Guinea",
        "fromIso": "GQ",
        "to": "Mozambique",
        "toIso": "MZ",
        "mode": "ship",
        "distance": 36.074476
      },
      "geometry": {
        "type": "LineString",
        "coordinates": [
          [
            89.250458,
            7.031692
          ],
          [
            101.822211,
            29.965871
          ],
          [
            114.393965,
            32.900049
          ]
        ]
      }
    },
    {
      "type": "Feature",
      "properties": {
        "from": "Eritrea",
        "fromIso": "ER",
        "to": "India",
        "toIso": "IN",
        "mode": "land",
        "distance": 11.218058
      },
      "geometry": {
        "type": "LineString",
        "coordinates": [
          [
            -56.160471,
            -33.900753
          ],
          [
            -58.650093,
            -41.926983
          ],
          [
            -61.139715,
            -43.953213
          ]
        ]
      }
    },
    {
      "type": "Feature",
      "properties": {
        "from": "Eritrea",
        "fromIso": "ER",
        "to": "Guinea-Bissau",
        "toIso": "GW",
        "mode": "ship",
        "distance": 35.15543
      },
      "geometry": {
        "type": "LineString",
        "coordinates": [
          [
            -56.160471,
            -33.900753
          ],
          [
            -40.325417,
            -51.531423
          ],
          [
            -24.490362,
            -49.162092
          ]
        ]
      }
    },
    {
      "type": "Feature",
      "properties": {
        "from": "Estonia",
        "fromIso": "EE",
        "to": "Indonesia",
        "toIso": "ID",
        "mode": "land",
        "distance": 13.977685
      },
      "geometry": {
        "type": "LineString",
        "coordinates": [
          [
            -7.133486,
            43.221347
          ],
          [
            -12.504996,
            50.692455
          ],
          [
            -17.876505,
            52.163563
          ]
        ]
      }
    },
    {
      "type": "Feature",
      "properties": {
        "from": "Estonia",
        "fromIso": "EE",
        "to": "Sint Maarten",
        "toIso": "SX",
        "mode": "ship",
        "distance": 35.144336
      },
      "geometry": {
        "type": "LineString",
        "coordinates": [
          [
            -7.133486,
            43.221347
          ],
          [
            -18.112133,
            66.941784
          ],
          [
            -29.090781,
            70.662221
          ]
        ]
      }
    },
    {
      "type": "Feature",
      "properties": {
        "from": "Eswatini",
        "fromIso": "SZ",
        "to": "Guatemala",
        "toIso": "GT",
        "mode": "land",
        "distance": 8.711538
      },
      "geometry": {
        "type": "LineString",
        "coordinates": [
          [
            67.563475,
            -29.805267
          ],
          [
            67.102456,
            -37.13657
          ],
          [
            66.641438,
            -38.467873
          ]
        ]
      }
    },
    {
      "type": "Feature",
      "properties": {
        "from": "Eswatini",
        "fromIso": "SZ",
        "to": "Spain",
        "toIso": "ES",
        "mode": "ship",
        "distance": 36.592212
      },
      "geometry": {
        "type": "LineString",
        "coordinates": [
          [
            67.563475,
            -29.805267
          ],
          [
            76.742251,
            -55.632382
          ],
          [
            85.921027,
            -61.459497
          ]
        ]
      }
    },
    {
      "type": "Feature",
      "properties": {
        "from": "Ethiopia",
        "fromIso": "ET",
        "to": "Ghana",
        "toIso": "GH",
        "mode": "land",
        "distance": 11.814678
      },
      "geometry": {
        "type": "LineString",
        "coordinates": [
          [
            -93.102957,
            0.428965
          ],
          [
            -96.057461,
            -7.686459
          ],
          [
            -99.011965,
            -9.801883
          ]
        ]
      }
    },
    {
      "type": "Feature",
      "properties": {
        "from": "Ethiopia",
        "fromIso": "ET",
        "to": "Guernsey",
        "toIso": "GG",
        "mode": "land",
        "distance": 13.42815
      },
      "geometry": {
        "type": "LineString",
        "coordinates": [
          [
            -93.102957,
            0.428965
          ],
          [
            -98.916619,
            6.787557
          ],
          [
            -104.730281,
            7.146149
          ]
        ]
      }
    },
    {
      "type": "Feature",
      "properties": {
        "from": "Ethiopia",
        "fromIso": "ET",
        "to": "Brazil",
        "toIso": "BR",
        "mode": "ship",
        "distance": 35.816857
      },
      "geometry": {
        "type": "LineString",
        "coordinates": [
          [
            -93.102957,
            0.428965
          ],
          [
            -75.609199,
            -13.402514
          ],
          [
            -58.11544,
            -7.233993
          ]
        ]
      }
    },
    {
      "type": "Feature",
      "properties": {
        "from": "Falkland Islands",
        "fromIso": "FK",
        "to": "Ireland",
        "toIso": "IE",
        "mode": "land",
        "distance": 12.438828
      },
      "geometry": {
        "type": "LineString",
        "coordinates": [
          [
            69.744183,
            29.585155
          ],
          [
            73.815695,
            37.286634
          ],
          [
            77.887206,
            38.988113
          ]
        ]
      }
    },
    {
      "type": "Feature",
      "properties": {
        "from": "Falkland Islands",
        "fromIso": "FK",
        "to": "North Korea",
        "toIso": "KP",
        "mode": "ship",
        "distance": 35.029968
      },
      "geometry": {
        "type": "LineString",
        "coordinates": [
          [
            69.744183,
            29.585155
          ],
          [
            85.321712,
            47.592357
          ],
          [
            100.89924,
            45.599558
          ]
        ]
      }
    },
    {
      "type": "Feature",
      "properties": {
        "from": "Faroe Islands",
        "fromIso": "FO",
        "to": "Isle of Man",
        "toIso": "IM",
        "mode": "land",
        "distance": 12.088325
      },
      "geometry": {
        "type": "LineString",
        "coordinates": [
          [
            -9.16927,
            -44.363048
          ],
          [
            -5.419034,
            -52.103051
          ],
          [
            -1.668798,
            -53.843054
          ]
        ]
      }
    },
    {
      "type": "Feature",
      "properties": {
        "from": "Faroe Islands",
        "fromIso": "FO",
        "to": "Latvia",
        "toIso": "LV",
        "mode": "ship",
        "distance": 35.277723
      },
      "geometry": {
        "type": "LineString",
        "coordinates": [
          [
            -9.16927,
            -44.363048
          ],
          [
            7.509803,
            -60.10221
          ],
          [
            24.188875,
            -55.841372
          ]
        ]
      }
    },
    {
      "type": "Feature",
      "properties": {
        "from": "Fiji",
        "fromIso": "FJ",
        "to": "Guyana",
        "toIso": "GY",
        "mode": "land",
        "distance": 9.563433
      },
      "geometry": {
        "type": "LineString",
        "coordinates": [
          [
            -57.079799,
            35.87674
          ],
          [
            -54.809823,
            43.085306
          ],
          [
            -52.539847,
            44.293871
          ]
        ]
      }
    },
    {
      "type": "Feature",
      "properties": {
        "from": "Fiji",
        "fromIso": "FJ",
        "to": "Aruba",
        "toIso": "AW",
        "mode": "ship",
        "distance": 36.161077
      },
      "geometry": {
        "type": "LineString",
        "coordinates": [
          [
            -57.079799,
            35.87674
          ],
          [
            -44.983642,
            12.438404
          ],
          [
            -32.887485,
            9.000069
          ]
        ]
      }
    },
    {
      "type": "Feature",
      "properties": {
        "from": "Finland",
        "fromIso": "FI",
        "to": "Haiti",
        "toIso": "HT",
        "mode": "land",
        "distance": 11.533523
      },
      "geometry": {
        "type": "LineString",
        "coordinates": [
          [
            94.029414,
            -8.301788
          ],
          [
            98.330616,
            -15.143038
          ],
          [
            102.631818,
            -15.984288
          ]
        ]
      }
    },
    {
      "type": "Feature",
      "properties": {
        "from": "Finland",
        "fromIso": "FI",
        "to": "Grenada",
        "toIso": "GD",
        "mode": "land",
        "distance": 13.636933
      },
      "geometry": {
        "type": "LineString",
        "coordinates": [
          [
            94.029414,
            -8.301788
          ],
          [
            98.747557,
            -0.379328
          ],
          [
            103.4657,
            1.543132
          ]
        ]
      }
    },
    {
      "type": "Feature",
      "properties": {
        "from": "Finland",
        "fromIso": "FI",
        "to": "Kazakhstan",
        "toIso": "KZ",
        "mode": "ship",
        "distance": 35.020687
      },
      "geometry": {
        "type": "LineString",
        "coordinates": [
          [
            94.029414,
            -8.301788
          ],
          [
            99.61912,
            18.292407
          ],
          [
            105.208826,
            24.886603
          ]
        ]
      }
    },
    {
      "type": "Feature",
      "properties": {
        "from": "France",
        "fromIso": "FR",
        "to": "Guadeloupe",
        "toIso": "GP",
        "mode": "land",
        "distance": 12.59453
      },
      "geometry": {
        "type": "LineString",
        "coordinates": [
          [
            -81.742184,
            -24.028707
          ],
          [
            -78.121122,
            -32.180741
          ],
          [
            -74.50006,
            -34.332775
          ]
        ]
      }
    },
    {
      "type": "Feature",
      "properties": {
        "from": "France",
        "fromIso": "FR",
        "to": "Martinique",
        "toIso": "MQ",
        "mode": "ship",
        "distance": 35.613933
      },
      "geometry": {
        "type": "LineString",
        "coordinates": [
          [
            -81.742184,
            -24.028707
          ],
          [
            -71.575366,
            -48.648004
          ],
          [
            -61.408548,
            -53.267302
          ]
        ]
      }
    },
    {
      "type": "Feature",
      "properties": {
        "from": "French Guiana",
        "fromIso": "GF",
        "to": "Japan",
        "toIso": "JP",
        "mode": "land",
        "distance": 10.630193
      },
      "geometry": {
        "type": "LineString",
        "coordinates": [
          [
            26.069932,
            44.075715
          ],
          [
            23.984071,
            51.96442
          ],
          [
            21.89821,
            53.853125
          ]
        ]
      }
    },
    {
      "type": "Feature",
      "properties": {
        "from": "French Guiana",
        "fromIso": "GF",
        "to": "Laos",
        "toIso": "LA",
        "mode": "ship",
        "distance": 36.01205
      },
      "geometry": {
        "type": "LineString",
        "coordinates": [
          [
            26.069932,
            44.075715
          ],
          [
            43.927598,
            56.382379
          ],
          [
            61.785264,
            48.689044
          ]
        ]
      }
    },
    {
      "type": "Feature",
      "properties": {
        "from": "French Polynesia",
        "fromIso": "PF",
        "to": "Hong Kong SAR China",
        "toIso": "HK",
        "mode": "land",
        "distance": 11.191408
      },
      "geometry": {
        "type": "LineString",
        "coordinates": [
          [
            44.104986,
            -41.076695
          ],
          [
            40.116786,
            -48.001764
          ],
          [
            36.128586,
            -48.926833
          ]
        ]
      }
    },
    {
      "type": "Feature",
      "properties": {
        "from": "French Southern Territories",
        "fromIso": "TF",
        "to": "Hungary",
        "toIso": "HU",
        "mode": "land",
        "distance": 9.867744
      },
      "geometry": {
        "type": "LineString",
        "coordinates": [
          [
            -91.855707,
            16.322336
          ],
          [
            -94.482564,
            23.498784
          ],
          [
            -97.109421,
            24.675231
          ]
        ]
      }
    },
    {
      "type": "Feature",
      "properties": {
        "from": "French Southern Territories",
        "fromIso": "TF",
        "to": "Northern Mariana Islands",
        "toIso": "MP",
        "mode": "ship",
        "distance": 35.664168
      },
      "geometry": {
        "type": "LineString",
        "coordinates": [
          [
            -91.855707,
            16.322336
          ],
          [
            -89.883116,
            44.04498
          ],
          [
            -87.910525,
            51.767624
          ]
        ]
      }
    },
    {
      "type": "Feature",
      "properties": {
        "from": "Gabon",
        "fromIso": "GA",
        "to": "Guinea",
        "toIso": "GN",
        "mode": "land",
        "distance": 11.536396
      },
      "geometry": {
        "type": "LineString",
        "coordinates": [
          [
            91.647306,
            17.372261
          ],
          [
            89.781626,
            25.830406
          ],
          [
            87.915946,
            28.288551
          ]
        ]
      }
    },
    {
      "type": "Feature",
      "properties": {
        "from": "Gabon",
        "fromIso": "GA",
        "to": "Haiti",
        "toIso": "HT",
        "mode": "ship",
        "distance": 35.11864
      },
      "geometry": {
        "type": "LineString",
        "coordinates": [
          [
            91.647306,
            17.372261
          ],
          [
            97.139562,
            -9.306013
          ],
          [
            102.631818,
            -15.984288
          ]
        ]
      }
    },
    {
      "type": "Feature",
      "properties": {
        "from": "Gambia",
        "fromIso": "GM",
        "to": "Kenya",
        "toIso": "KE",
        "mode": "land",
        "distance": 9.868149
      },
      "geometry": {
        "type": "LineString",
        "coordinates": [
          [
            -42.990663,
            -42.302294
          ],
          [
            -42.575728,
            -50.218891
          ],
          [
            -42.160793,
            -52.135487
          ]
        ]
      }
    },
    {
      "type": "Feature",
      "properties": {
        "from": "Gambia",
        "fromIso": "GM",
        "to": "Uzbekistan",
        "toIso": "UZ",
        "mode": "ship",
        "distance": 35.314406
      },
      "geometry": {
        "type": "LineString",
        "coordinates": [
          [
            -42.990663,
            -42.302294
          ],
          [
            -42.524996,
            -69.953356
          ],
          [
            -42.059329,
            -77.604417
          ]
        ]
      }
    },
    {
      "type": "Feature",
      "properties": {
        "from": "Georgia",
        "fromIso": "GE",
        "to": "Indonesia",
        "toIso": "ID",
        "mode": "land",
        "distance": 13.123312
      },
      "geometry": {
        "type": "LineString",
        "coordinates": [
          [
            -28.986488,
            45.178608
          ],
          [
            -23.431497,
            51.671086
          ],
          [
            -17.876505,
            52.163563
          ]
        ]
      }
    },
    {
      "type": "Feature",
      "properties": {
        "from": "Georgia",
        "fromIso": "GE",
        "to": "Guam",
        "toIso": "GU",
        "mode": "ship",
        "distance": 35.09051
      },
      "geometry": {
        "type": "LineString",
        "coordinates": [
          [
            -28.986488,
            45.178608
          ],
          [
            -11.565761,
            57.265292
          ],
          [
            5.854966,
            49.351976
          ]
        ]
      }
    },
    {
      "type": "Feature",
      "properties": {
        "from": "Germany",
        "fromIso": "DE",
        "to": "Iran",
        "toIso": "IR",
        "mode": "land",
        "distance": 8.872136
      },
      "geometry": {
        "type": "LineString",
        "coordinates": [
          [
            86.515993,
            -24.211694
          ],
          [
            87.368021,
            -31.565169
          ],
          [
            88.22005,
            -32.918644
          ]
        ]
      }
    },
    {
      "type": "Feature",
      "properties": {
        "from": "Ghana",
        "fromIso": "GH",
        "to": "Heard & McDonald Islands",
        "toIso": "HM",
        "mode": "land",
        "distance": 11.257235
      },
      "geometry": {
        "type": "LineString",
        "coordinates": [
          [
            -99.011965,
            -9.801883
          ],
          [
            -99.030423,
            -18.43047
          ],
          [
            -99.048881,
            -21.059057
          ]
        ]
      }
    },
    {
      "type": "Feature",
      "properties": {
        "from": "Gibraltar",
        "fromIso": "GI",
        "to": "Laos",
        "toIso": "LA",
        "mode": "land",
        "distance": 9.957458
      },
      "geometry": {
        "type": "LineString",
        "coordinates": [
          [
            59.333207,
            39.038221
          ],
          [
            60.559235,
            46.863633
          ],
          [
            61.785264,
            48.689044
          ]
        ]
      }
    },
    {
      "type": "Feature",
      "properties": {
        "from": "Gibraltar",
        "fromIso": "GI",
        "to": "Congo - Kinshasa",
        "toIso": "CD",
        "mode": "land",
        "distance": 13.295824
      },
      "geometry": {
        "type": "LineString",
        "coordinates": [
          [
            59.333207,
            39.038221
          ],
          [
            55.310154,
            30.745795
          ],
          [
            51.287101,
            28.453368
          ]
        ]
      }
    },
    {
      "type": "Feature",
      "properties": {
        "from": "Greece",
        "fromIso": "GR",
        "to": "Cook Islands",
        "toIso": "CK",
        "mode": "land",
        "distance": 13.83743
      },
      "geometry": {
        "type": "LineString",
        "coordinates": [
          [
            12.161863,
            -47.988359
          ],
          [
            7.536533,
            -39.842978
          ],
          [
            2.911204,
            -37.697597
          ]
        ]
      }
    },
    {
      "type": "Feature",
      "properties": {
        "from": "Greece",
        "fromIso": "GR",
        "to": "St. Vincent & Grenadines",
        "toIso": "VC",
        "mode": "ship",
        "distance": 35.124675
      },
      "geometry": {
        "type": "LineString",
        "coordinates": [
          [
            12.161863,
            -47.988359
          ],
          [
            24.465074,
            -70.520984
          ],
          [
            36.768285,
            -73.05361
          ]
        ]
      }
    },
    {
      "type": "Feature",
      "properties": {
        "from": "Greenland",
        "fromIso": "GL",
        "to": "Israel",
        "toIso": "IL",
        "mode": "land",
        "distance": 8.942237
      },
      "geometry": {
        "type": "LineString",
        "coordinates": [
          [
            -78.057504,
            31.686263
          ],
          [
            -77.098425,
            39.053306
          ],
          [
            -76.139347,
            40.42035
          ]
        ]
      }
    },
    {
      "type": "Feature",
      "properties": {
        "from": "Grenada",
        "fromIso": "GD",
        "to": "Iceland",
        "toIso": "IS",
        "mode": "land",
        "distance": 11.976506
      },
      "geometry": {
        "type": "LineString",
        "coordinates": [
          [
            103.4657,
            1.543132
          ],
          [
            105.447882,
            10.193807
          ],
          [
            107.430065,
            12.844482
          ]
        ]
      }
    },
    {
      "type": "Feature",
      "properties": {
        "from": "Grenada",
        "fromIso": "GD",
        "to": "Italy",
        "toIso": "IT",
        "mode": "land",
        "distance": 13.099891
      },
      "geometry": {
        "type": "LineString",
        "coordinates": [
          [
            103.4657,
            1.543132
          ],
          [
            108.974672,
            -4.999892
          ],
          [
            114.483644,
            -5.542915
          ]
        ]
      }
    },
    {
      "type": "Feature",
      "properties": {
        "from": "Grenada",
        "fromIso": "GD",
        "to": "Mauritius",
        "toIso": "MU",
        "mode": "ship",
        "distance": 35.593779
      },
      "geometry": {
        "type": "LineString",
        "coordinates": [
          [
            103.4657,
            1.543132
          ],
          [
            105.622322,
            -26.122605
          ],
          [
            107.778945,
            -33.788342
          ]
        ]
      }
    },
    {
      "type": "Feature",
      "properties": {
        "from": "Guadeloupe",
        "fromIso": "GP",
        "to": "Liberia",
        "toIso": "LR",
        "mode": "land",
        "distance": 10.804555
      },
      "geometry": {
        "type": "LineString",
        "coordinates": [
          [
            -74.50006,
            -34.332775
          ],
          [
            -77.301326,
            -41.952029
          ],
          [
            -80.102592,
            -43.571284
          ]
        ]
      }
    },
    {
      "type": "Feature",
      "properties": {
        "from": "Guadeloupe",
        "fromIso": "GP",
        "to": "Tunisia",
        "toIso": "TN",
        "mode": "ship",
        "distance": 35.225217
      },
      "geometry": {
        "type": "LineString",
        "coordinates": [
          [
            -74.50006,
            -34.332775
          ],
          [
            -74.379601,
            -61.944972
          ],
          [
            -74.259142,
            -69.557168
          ]
        ]
      }
    },
    {
      "type": "Feature",
      "properties": {
        "from": "Guam",
        "fromIso": "GU",
        "to": "Libya",
        "toIso": "LY",
        "mode": "land",
        "distance": 12.514481
      },
      "geometry": {
        "type": "LineString",
        "coordinates": [
          [
            5.854966,
            49.351976
          ],
          [
            1.290228,
            56.631721
          ],
          [
            -3.274511,
            57.911467
          ]
        ]
      }
    },
    {
      "type": "Feature",
      "properties": {
        "from": "Guatemala",
        "fromIso": "GT",
        "to": "Jersey",
        "toIso": "JE",
        "mode": "land",
        "distance": 10.060373
      },
      "geometry": {
        "type": "LineString",
        "coordinates": [
          [
            66.641438,
            -38.467873
          ],
          [
            63.899898,
            -45.685305
          ],
          [
            61.158359,
            -46.902738
          ]
        ]
      }
    },
    {
      "type": "Feature",
      "properties": {
        "from": "Guatemala",
        "fromIso": "GT",
        "to": "New Caledonia",
        "toIso": "NC",
        "mode": "ship",
        "distance": 36.759188
      },
      "geometry": {
        "type": "LineString",
        "coordinates": [
          [
            66.641438,
            -38.467873
          ],
          [
            52.487792,
            -60.19322
          ],
          [
            38.334146,
            -61.918568
          ]
        ]
      }
    },
    {
      "type": "Feature",
      "properties": {
        "from": "Guernsey",
        "fromIso": "GG",
        "to": "Jordan",
        "toIso": "JO",
        "mode": "land",
        "distance": 11.278376
      },
      "geometry": {
        "type": "LineString",
        "coordinates": [
          [
            -104.730281,
            7.146149
          ],
          [
            -108.706945,
            14.144472
          ],
          [
            -112.683609,
            15.142795
          ]
        ]
      }
    },
    {
      "type": "Feature",
      "properties": {
        "from": "Guernsey",
        "fromIso": "GG",
        "to": "Norfolk Island",
        "toIso": "NF",
        "mode": "ship",
        "distance": 35.517954
      },
      "geometry": {
        "type": "LineString",
        "coordinates": [
          [
            -104.730281,
            7.146149
          ],
          [
            -121.963256,
            -7.144052
          ],
          [
            -139.196231,
            -1.434254
          ]
        ]
      }
    },
    {
      "type": "Feature",
      "properties": {
        "from": "Guinea",
        "fromIso": "GN",
        "to": "Luxembourg",
        "toIso": "LU",
        "mode": "land",
        "distance": 12.135509
      },
      "geometry": {
        "type": "LineString",
        "coordinates": [
          [
            87.915946,
            28.288551
          ],
          [
            92.192432,
            35.59312
          ],
          [
            96.468918,
            36.897688
          ]
        ]
      }
    },
    {
      "type": "Feature",
      "properties": {
        "from": "Guinea",
        "fromIso": "GN",
        "to": "Bulgaria",
        "toIso": "BG",
        "mode": "ship",
        "distance": 35.336523
      },
      "geometry": {
        "type": "LineString",
        "coordinates": [
          [
            87.915946,
            28.288551
          ],
          [
            75.839712,
            5.391573
          ],
          [
            63.763478,
            2.494596
          ]
        ]
      }
    },
    {
      "type": "Feature",
      "properties": {
        "from": "Guinea-Bissau",
        "fromIso": "GW",
        "to": "Macao SAR China",
        "toIso": "MO",
        "mode": "land",
        "distance": 10.889012
      },
      "geometry": {
        "type": "LineString",
        "coordinates": [
          [
            -24.490362,
            -49.162092
          ],
          [
            -21.457397,
            -56.683571
          ],
          [
            -18.424431,
            -58.205049
          ]
        ]
      }
    },
    {
      "type": "Feature",
      "properties": {
        "from": "Guyana",
        "fromIso": "GY",
        "to": "Kiribati",
        "toIso": "KI",
        "mode": "land",
        "distance": 11.820784
      },
      "geometry": {
        "type": "LineString",
        "coordinates": [
          [
            -52.539847,
            44.293871
          ],
          [
            -48.108025,
            51.20433
          ],
          [
            -43.676204,
            52.11479
          ]
        ]
      }
    },
    {
      "type": "Feature",
      "properties": {
        "from": "Guyana",
        "fromIso": "GY",
        "to": "Sint Maarten",
        "toIso": "SX",
        "mode": "ship",
        "distance": 35.286663
      },
      "geometry": {
        "type": "LineString",
        "coordinates": [
          [
            -52.539847,
            44.293871
          ],
          [
            -40.815314,
            67.478046
          ],
          [
            -29.090781,
            70.662221
          ]
        ]
      }
    },
    {
      "type": "Feature",
      "properties": {
        "from": "Haiti",
        "fromIso": "HT",
        "to": "Kuwait",
        "toIso": "KW",
        "mode": "land",
        "distance": 9.756097
      },
      "geometry": {
        "type": "LineString",
        "coordinates": [
          [
            102.631818,
            -15.984288
          ],
          [
            104.920067,
            -23.292336
          ],
          [
            107.208316,
            -24.600383
          ]
        ]
      }
    },
    {
      "type": "Feature",
      "properties": {
        "from": "Heard & McDonald Islands",
        "fromIso": "HM",
        "to": "Jamaica",
        "toIso": "JM",
        "mode": "land",
        "distance": 13.121859
      },
      "geometry": {
        "type": "LineString",
        "coordinates": [
          [
            -99.048881,
            -21.059057
          ],
          [
            -95.906611,
            -29.818565
          ],
          [
            -92.764342,
            -32.578074
          ]
        ]
      }
    },
    {
      "type": "Feature",
      "properties": {
        "from": "Heard & McDonald Islands",
        "fromIso": "HM",
        "to": "Central African Republic",
        "toIso": "CF",
        "mode": "ship",
        "distance": 35.469022
      },
      "geometry": {
        "type": "LineString",
        "coordinates": [
          [
            -99.048881,
            -21.059057
          ],
          [
            -81.532477,
            -8.286249
          ],
          [
            -64.016073,
            -15.513441
          ]
        ]
      }
    },
    {
      "type": "Feature",
      "properties": {
        "from": "Honduras",
        "fromIso": "HN",
        "to": "Maldives",
        "toIso": "MV",
        "mode": "land",
        "distance": 9.739882
      },
      "geometry": {
        "type": "LineString",
        "coordinates": [
          [
            43.130014,
            47.36287
          ],
          [
            41.675764,
            55.01061
          ],
          [
            40.221513,
            56.658349
          ]
        ]
      }
    },
    {
      "type": "Feature",
      "properties": {
        "from": "Honduras",
        "fromIso": "HN",
        "to": "Ireland",
        "toIso": "IE",
        "mode": "ship",
        "distance": 35.751908
      },
      "geometry": {
        "type": "LineString",
        "coordinates": [
          [
            43.130014,
            47.36287
          ],
          [
            60.50861,
            33.175491
          ],
          [
            77.887206,
            38.988113
          ]
        ]
      }
    },
    {
      "type": "Feature",
      "properties": {
        "from": "Hong Kong SAR China",
        "fromIso": "HK",
        "to": "New Caledonia",
        "toIso": "NC",
        "mode": "land",
        "distance": 13.17762
      },
      "geometry": {
        "type": "LineString",
        "coordinates": [
          [
            36.128586,
            -48.926833
          ],
          [
            37.231366,
            -58.422701
          ],
          [
            38.334146,
            -61.918568
          ]
        ]
      }
    },
    {
      "type": "Feature",
      "properties": {
        "from": "Hong Kong SAR China",
        "fromIso": "HK",
        "to": "Cook Islands",
        "toIso": "CK",
        "mode": "ship",
        "distance": 35.064087
      },
      "geometry": {
        "type": "LineString",
        "coordinates": [
          [
            36.128586,
            -48.926833
          ],
          [
            19.519895,
            -33.312215
          ],
          [
            2.911204,
            -37.697597
          ]
        ]
      }
    },
    {
      "type": "Feature",
      "properties": {
        "from": "Hungary",
        "fromIso": "HU",
        "to": "Lebanon",
        "toIso": "LB",
        "mode": "land",
        "distance": 8.979385
      },
      "geometry": {
        "type": "LineString",
        "coordinates": [
          [
            -97.109421,
            24.675231
          ],
          [
            -97.613393,
            32.136548
          ],
          [
            -98.117364,
            33.597865
          ]
        ]
      }
    },
    {
      "type": "Feature",
      "properties": {
        "from": "Iceland",
        "fromIso": "IS",
        "to": "Kazakhstan",
        "toIso": "KZ",
        "mode": "land",
        "distance": 12.245268
      },
      "geometry": {
        "type": "LineString",
        "coordinates": [
          [
            107.430065,
            12.844482
          ],
          [
            106.319446,
            21.865543
          ],
          [
            105.208826,
            24.886603
          ]
        ]
      }
    },
    {
      "type": "Feature",
      "properties": {
        "from": "India",
        "fromIso": "IN",
        "to": "Martinique",
        "toIso": "MQ",
        "mode": "land",
        "distance": 9.317968
      },
      "geometry": {
        "type": "LineString",
        "coordinates": [
          [
            -61.139715,
            -43.953213
          ],
          [
            -61.274132,
            -51.610258
          ],
          [
            -61.408548,
            -53.267302
          ]
        ]
      }
    },
    {
      "type": "Feature",
      "properties": {
        "from": "Indonesia",
        "fromIso": "ID",
        "to": "Nigeria",
        "toIso": "NG",
        "mode": "land",
        "distance": 13.081703
      },
      "geometry": {
        "type": "LineString",
        "coordinates": [
          [
            -17.876505,
            52.163563
          ],
          [
            -16.488388,
            61.555423
          ],
          [
            -15.100272,
            64.947282
          ]
        ]
      }
    },
    {
      "type": "Feature",
      "properties": {
        "from": "Indonesia",
        "fromIso": "ID",
        "to": "Türkiye",
        "toIso": "TR",
        "mode": "ship",
        "distance": 35.427125
      },
      "geometry": {
        "type": "LineString",
        "coordinates": [
          [
            -17.876505,
            52.163563
          ],
          [
            -31.358528,
            73.652922
          ],
          [
            -44.84055,
            75.14228
          ]
        ]
      }
    },
    {
      "type": "Feature",
      "properties": {
        "from": "Iran",
        "fromIso": "IR",
        "to": "Liechtenstein",
        "toIso": "LI",
        "mode": "land",
        "distance": 9.284293
      },
      "geometry": {
        "type": "LineString",
        "coordinates": [
          [
            88.22005,
            -32.918644
          ],
          [
            86.907184,
            -40.371274
          ],
          [
            85.594319,
            -41.823903
          ]
        ]
      }
    },
    {
      "type": "Feature",
      "properties": {
        "from": "Iran",
        "fromIso": "IR",
        "to": "Slovakia",
        "toIso": "SK",
        "mode": "ship",
        "distance": 36.046138
      },
      "geometry": {
        "type": "LineString",
        "coordinates": [
          [
            88.22005,
            -32.918644
          ],
          [
            105.533243,
            -47.927073
          ],
          [
            122.846436,
            -42.935502
          ]
        ]
      }
    },
    {
      "type": "Feature",
      "properties": {
        "from": "Iraq",
        "fromIso": "IQ",
        "to": "Kyrgyzstan",
        "toIso": "KG",
        "mode": "land",
        "distance": 12.411008
      },
      "geometry": {
        "type": "LineString",
        "coordinates": [
          [
            -112.671925,
            -3.885755
          ],
          [
            -113.698337,
            -13.005784
          ],
          [
            -114.724748,
            -16.125814
          ]
        ]
      }
    },
    {
      "type": "Feature",
      "properties": {
        "from": "Iraq",
        "fromIso": "IQ",
        "to": "Lithuania",
        "toIso": "LT",
        "mode": "land",
        "distance": 13.07684
      },
      "geometry": {
        "type": "LineString",
        "coordinates": [
          [
            -112.671925,
            -3.885755
          ],
          [
            -118.050207,
            2.832445
          ],
          [
            -123.42849,
            3.550645
          ]
        ]
      }
    },
    {
      "type": "Feature",
      "properties": {
        "from": "Iraq",
        "fromIso": "IQ",
        "to": "Saudi Arabia",
        "toIso": "SA",
        "mode": "ship",
        "distance": 35.093091
      },
      "geometry": {
        "type": "LineString",
        "coordinates": [
          [
            -112.671925,
            -3.885755
          ],
          [
            -123.740758,
            -27.500533
          ],
          [
            -134.809591,
            -31.115312
          ]
        ]
      }
    },
    {
      "type": "Feature",
      "properties": {
        "from": "Ireland",
        "fromIso": "IE",
        "to": "Mexico",
        "toIso": "MX",
        "mode": "land",
        "distance": 9.712413
      },
      "geometry": {
        "type": "LineString",
        "coordinates": [
          [
            77.887206,
            38.988113
          ],
          [
            79.583089,
            46.538577
          ],
          [
            81.278972,
            48.089041
          ]
        ]
      }
    },
    {
      "type": "Feature",
      "properties": {
        "from": "Ireland",
        "fromIso": "IE",
        "to": "Vietnam",
        "toIso": "VN",
        "mode": "ship",
        "distance": 35.332907
      },
      "geometry": {
        "type": "LineString",
        "coordinates": [
          [
            77.887206,
            38.988113
          ],
          [
            74.256064,
            66.277369
          ],
          [
            70.624922,
            73.566626
          ]
        ]
      }
    },
    {
      "type": "Feature",
      "properties": {
        "from": "Isle of Man",
        "fromIso": "IM",
        "to": "Micronesia",
        "toIso": "FM",
        "mode": "land",
        "distance": 13.101887
      },
      "geometry": {
        "type": "LineString",
        "coordinates": [
          [
            -1.668798,
            -53.843054
          ],
          [
            3.609468,
            -60.723101
          ],
          [
            8.887735,
            -61.603148
          ]
        ]
      }
    },
    {
      "type": "Feature",
      "properties": {
        "from": "Isle of Man",
        "fromIso": "IM",
        "to": "Bosnia & Herzegovina",
        "toIso": "BA",
        "mode": "ship",
        "distance": 35.428614
      },
      "geometry": {
        "type": "LineString",
        "coordinates": [
          [
            -1.668798,
            -53.843054
          ],
          [
            -11.840305,
            -29.340051
          ],
          [
            -22.011812,
            -24.837047
          ]
        ]
      }
    },
    {
      "type": "Feature",
      "properties": {
        "from": "Israel",
        "fromIso": "IL",
        "to": "Madagascar",
        "toIso": "MG",
        "mode": "land",
        "distance": 10.57041
      },
      "geometry": {
        "type": "LineString",
        "coordinates": [
          [
            -76.139347,
            40.42035
          ],
          [
            -73.041346,
            47.70238
          ],
          [
            -69.943345,
            48.98441
          ]
        ]
      }
    },
    {
      "type": "Feature",
      "properties": {
        "from": "Israel",
        "fromIso": "IL",
        "to": "Portugal",
        "toIso": "PT",
        "mode": "ship",
        "distance": 37.620468
      },
      "geometry": {
        "type": "LineString",
        "coordinates": [
          [
            -76.139347,
            40.42035
          ],
          [
            -94.895707,
            51.842985
          ],
          [
            -113.652066,
            43.265619
          ]
        ]
      }
    },
    {
      "type": "Feature",
      "properties": {
        "from": "Italy",
        "fromIso": "IT",
        "to": "Malawi",
        "toIso": "MW",
        "mode": "land",
        "distance": 11.286246
      },
      "geometry": {
        "type": "LineString",
        "coordinates": [
          [
            114.483644,
            -5.542915
          ],
          [
            118.297203,
            -12.702435
          ],
          [
            122.110762,
            -13.861954
          ]
        ]
      }
    },
    {
      "type": "Feature",
      "properties": {
        "from": "Italy",
        "fromIso": "IT",
        "to": "Dominica",
        "toIso": "DM",
        "mode": "ship",
        "distance": 35.883413
      },
      "geometry": {
        "type": "LineString",
        "coordinates": [
          [
            114.483644,
            -5.542915
          ],
          [
            97.330266,
            -20.802808
          ],
          [
            80.176889,
            -16.0627
          ]
        ]
      }
    },
    {
      "type": "Feature",
      "properties": {
        "from": "Jamaica",
        "fromIso": "JM",
        "to": "Mongolia",
        "toIso": "MN",
        "mode": "land",
        "distance": 10.763331
      },
      "geometry": {
        "type": "LineString",
        "coordinates": [
          [
            -92.764342,
            -32.578074
          ],
          [
            -95.95797,
            -39.90971
          ],
          [
            -99.151598,
            -41.241345
          ]
        ]
      }
    },
    {
      "type": "Feature",
      "properties": {
        "from": "Jamaica",
        "fromIso": "JM",
        "to": "Eritrea",
        "toIso": "ER",
        "mode": "ship",
        "distance": 36.627761
      },
      "geometry": {
        "type": "LineString",
        "coordinates": [
          [
            -92.764342,
            -32.578074
          ],
          [
            -74.462407,
            -43.239413
          ],
          [
            -56.160471,
            -33.900753
          ]
        ]
      }
    },
    {
      "type": "Feature",
      "properties": {
        "from": "Japan",
        "fromIso": "JP",
        "to": "Montenegro",
        "toIso": "ME",
        "mode": "land",
        "distance": 11.415377
      },
      "geometry": {
        "type": "LineString",
        "coordinates": [
          [
            21.89821,
            53.853125
          ],
          [
            18.032213,
            61.052146
          ],
          [
            14.166217,
            62.251168
          ]
        ]
      }
    },
    {
      "type": "Feature",
      "properties": {
        "from": "Japan",
        "fromIso": "JP",
        "to": "Senegal",
        "toIso": "SN",
        "mode": "ship",
        "distance": 35.341545
      },
      "geometry": {
        "type": "LineString",
        "coordinates": [
          [
            21.89821,
            53.853125
          ],
          [
            38.470146,
            69.987223
          ],
          [
            55.042081,
            66.121321
          ]
        ]
      }
    },
    {
      "type": "Feature",
      "properties": {
        "from": "Jersey",
        "fromIso": "JE",
        "to": "Mali",
        "toIso": "ML",
        "mode": "land",
        "distance": 12.421113
      },
      "geometry": {
        "type": "LineString",
        "coordinates": [
          [
            61.158359,
            -46.902738
          ],
          [
            56.370017,
            -53.857835
          ],
          [
            51.581675,
            -54.812932
          ]
        ]
      }
    },
    {
      "type": "Feature",
      "properties": {
        "from": "Jordan",
        "fromIso": "JO",
        "to": "Malta",
        "toIso": "MT",
        "mode": "land",
        "distance": 9.847039
      },
      "geometry": {
        "type": "LineString",
        "coordinates": [
          [
            -112.683609,
            15.142795
          ],
          [
            -114.779584,
            22.597897
          ],
          [
            -116.875559,
            24.052999
          ]
        ]
      }
    },
    {
      "type": "Feature",
      "properties": {
        "from": "Jordan",
        "fromIso": "JO",
        "to": "Russia",
        "toIso": "RU",
        "mode": "ship",
        "distance": 35.194218
      },
      "geometry": {
        "type": "LineString",
        "coordinates": [
          [
            -112.683609,
            15.142795
          ],
          [
            -129.894307,
            1.475357
          ],
          [
            -147.105006,
            7.807919
          ]
        ]
      }
    },
    {
      "type": "Feature",
      "properties": {
        "from": "Kazakhstan",
        "fromIso": "KZ",
        "to": "Mozambique",
        "toIso": "MZ",
        "mode": "land",
        "distance": 12.189426
      },
      "geometry": {
        "type": "LineString",
        "coordinates": [
          [
            105.208826,
            24.886603
          ],
          [
            109.801395,
            31.893326
          ],
          [
            114.393965,
            32.900049
          ]
        ]
      }
    },
    {
      "type": "Feature",
      "properties": {
        "from": "Kenya",
        "fromIso": "KE",
        "to": "Myanmar (Burma)",
        "toIso": "MM",
        "mode": "land",
        "distance": 10.013814
      },
      "geometry": {
        "type": "LineString",
        "coordinates": [
          [
            -42.160793,
            -52.135487
          ],
          [
            -39.787194,
            -59.544018
          ],
          [
            -37.413594,
            -60.952549
          ]
        ]
      }
    },
    {
      "type": "Feature",
      "properties": {
        "from": "Kenya",
        "fromIso": "KE",
        "to": "North Macedonia",
        "toIso": "MK",
        "mode": "ship",
        "distance": 35.762203
      },
      "geometry": {
        "type": "LineString",
        "coordinates": [
          [
            -42.160793,
            -52.135487
          ],
          [
            -25.680564,
            -69.073488
          ],
          [
            -9.200336,
            -66.011489
          ]
        ]
      }
    },
    {
      "type": "Feature",
      "properties": {
        "from": "Kiribati",
        "fromIso": "KI",
        "to": "Paraguay",
        "toIso": "PY",
        "mode": "land",
        "distance": 12.495756
      },
      "geometry": {
        "type": "LineString",
        "coordinates": [
          [
            -43.676204,
            52.11479
          ],
          [
            -44.865206,
            61.248488
          ],
          [
            -46.054208,
            64.382186
          ]
        ]
      }
    },
    {
      "type": "Feature",
      "properties": {
        "from": "Kiribati",
        "fromIso": "KI",
        "to": "Botswana",
        "toIso": "BW",
        "mode": "ship",
        "distance": 35.632006
      },
      "geometry": {
        "type": "LineString",
        "coordinates": [
          [
            -43.676204,
            52.11479
          ],
          [
            -31.663821,
            28.957563
          ],
          [
            -19.651439,
            25.800336
          ]
        ]
      }
    },
    {
      "type": "Feature",
      "properties": {
        "from": "Kuwait",
        "fromIso": "KW",
        "to": "Mauritius",
        "toIso": "MU",
        "mode": "land",
        "distance": 9.205662
      },
      "geometry": {
        "type": "LineString",
        "coordinates": [
          [
            107.208316,
            -24.600383
          ],
          [
            107.49363,
            -32.194362
          ],
          [
            107.778945,
            -33.788342
          ]
        ]
      }
    },
    {
      "type": "Feature",
      "properties": {
        "from": "Kuwait",
        "fromIso": "KW",
        "to": "Norway",
        "toIso": "NO",
        "mode": "ship",
        "distance": 35.187144
      },
      "geometry": {
        "type": "LineString",
        "coordinates": [
          [
            107.208316,
            -24.600383
          ],
          [
            123.252276,
            -7.38061
          ],
          [
            139.296237,
            -10.160838
          ]
        ]
      }
    },
    {
      "type": "Feature",
      "properties": {
        "from": "Kyrgyzstan",
        "fromIso": "KG",
        "to": "Malaysia",
        "toIso": "MY",
        "mode": "land",
        "distance": 13.465257
      },
      "geometry": {
        "type": "LineString",
        "coordinates": [
          [
            -114.724748,
            -16.125814
          ],
          [
            -112.506404,
            -25.482482
          ],
          [
            -110.28806,
            -28.839151
          ]
        ]
      }
    },
    {
      "type": "Feature",
      "properties": {
        "from": "Kyrgyzstan",
        "fromIso": "KG",
        "to": "St. Martin",
        "toIso": "MF",
        "mode": "ship",
        "distance": 36.223092
      },
      "geometry": {
        "type": "LineString",
        "coordinates": [
          [
            -114.724748,
            -16.125814
          ],
          [
            -132.449702,
            -29.847926
          ],
          [
            -150.174655,
            -23.570038
          ]
        ]
      }
    },
    {
      "type": "Feature",
      "properties": {
        "from": "Laos",
        "fromIso": "LA",
        "to": "Netherlands",
        "toIso": "NL",
        "mode": "land",
        "distance": 9.163052
      },
      "geometry": {
        "type": "LineString",
        "coordinates": [
          [
            61.785264,
            48.689044
          ],
          [
            60.947715,
            56.193363
          ],
          [
            60.110165,
            57.697682
          ]
        ]
      }
    },
    {
      "type": "Feature",
      "properties": {
        "from": "Latvia",
        "fromIso": "LV",
        "to": "Poland",
        "toIso": "PL",
        "mode": "land",
        "distance": 12.344625
      },
      "geometry": {
        "type": "LineString",
        "coordinates": [
          [
            24.188875,
            -55.841372
          ],
          [
            23.020536,
            -64.9021
          ],
          [
            21.852198,
            -67.962828
          ]
        ]
      }
    },
    {
      "type": "Feature",
      "properties": {
        "from": "Latvia",
        "fromIso": "LV",
        "to": "Hong Kong SAR China",
        "toIso": "HK",
        "mode": "land",
        "distance": 13.797375
      },
      "geometry": {
        "type": "LineString",
        "coordinates": [
          [
            24.188875,
            -55.841372
          ],
          [
            30.15873,
            -49.384102
          ],
          [
            36.128586,
            -48.926833
          ]
        ]
      }
    },
    {
      "type": "Feature",
      "properties": {
        "from": "Lebanon",
        "fromIso": "LB",
        "to": "Moldova",
        "toIso": "MD",
        "mode": "land",
        "distance": 9.655885
      },
      "geometry": {
        "type": "LineString",
        "coordinates": [
          [
            -98.117364,
            33.597865
          ],
          [
            -96.561951,
            41.168392
          ],
          [
            -95.006539,
            42.73892
          ]
        ]
      }
    },
    {
      "type": "Feature",
      "properties": {
        "from": "Lebanon",
        "fromIso": "LB",
        "to": "China",
        "toIso": "CN",
        "mode": "ship",
        "distance": 36.010101
      },
      "geometry": {
        "type": "LineString",
        "coordinates": [
          [
            -98.117364,
            33.597865
          ],
          [
            -82.68427,
            14.324168
          ],
          [
            -67.251176,
            15.050472
          ]
        ]
      }
    },
    {
      "type": "Feature",
      "properties": {
        "from": "Lesotho",
        "fromIso": "LS",
        "to": "Marshall Islands",
        "toIso": "MH",
        "mode": "land",
        "distance": 13.067841
      },
      "geometry": {
        "type": "LineString",
        "coordinates": [
          [
            120.901229,
            6.550288
          ],
          [
            120.967018,
            16.083877
          ],
          [
            121.032808,
            19.617467
          ]
        ]
      }
    },
    {
      "type": "Feature",
      "properties": {
        "from": "Lesotho",
        "fromIso": "LS",
        "to": "Monaco",
        "toIso": "MC",
        "mode": "land",
        "distance": 13.258194
      },
      "geometry": {
        "type": "LineString",
        "coordinates": [
          [
            120.901229,
            6.550288
          ],
          [
            126.274946,
            -0.331475
          ],
          [
            131.648664,
            -1.213239
          ]
        ]
      }
    },
    {
      "type": "Feature",
      "properties": {
        "from": "Lesotho",
        "fromIso": "LS",
        "to": "South Georgia & South Sandwich Islands",
        "toIso": "GS",
        "mode": "ship",
        "distance": 35.490019
      },
      "geometry": {
        "type": "LineString",
        "coordinates": [
          [
            120.901229,
            6.550288
          ],
          [
            137.653089,
            -9.302962
          ],
          [
            154.404949,
            -5.156213
          ]
        ]
      }
    },
    {
      "type": "Feature",
      "properties": {
        "from": "Liberia",
        "fromIso": "LR",
        "to": "Niger",
        "toIso": "NE",
        "mode": "land",
        "distance": 9.079553
      },
      "geometry": {
        "type": "LineString",
        "coordinates": [
          [
            -80.102592,
            -43.571284
          ],
          [
            -80.807211,
            -51.056045
          ],
          [
            -81.51183,
            -52.540806
          ]
        ]
      }
    },
    {
      "type": "Feature",
      "properties": {
        "from": "Liberia",
        "fromIso": "LR",
        "to": "Gambia",
        "toIso": "GM",
        "mode": "ship",
        "distance": 37.133618
      },
      "geometry": {
        "type": "LineString",
        "coordinates": [
          [
            -80.102592,
            -43.571284
          ],
          [
            -61.546627,
            -32.936789
          ],
          [
            -42.990663,
            -42.302294
          ]
        ]
      }
    },
    {
      "type": "Feature",
      "properties": {
        "from": "Libya",
        "fromIso": "LY",
        "to": "Réunion",
        "toIso": "RE",
        "mode": "land",
        "distance": 13.467442
      },
      "geometry": {
        "type": "LineString",
        "coordinates": [
          [
            -3.274511,
            57.911467
          ],
          [
            0.157971,
            66.704658
          ],
          [
            3.590453,
            69.49785
          ]
        ]
      }
    },
    {
      "type": "Feature",
      "properties": {
        "from": "Libya",
        "fromIso": "LY",
        "to": "Botswana",
        "toIso": "BW",
        "mode": "ship",
        "distance": 36.0462
      },
      "geometry": {
        "type": "LineString",
        "coordinates": [
          [
            -3.274511,
            57.911467
          ],
          [
            -11.462975,
            31.855902
          ],
          [
            -19.651439,
            25.800336
          ]
        ]
      }
    },
    {
      "type": "Feature",
      "properties": {
        "from": "Liechtenstein",
        "fromIso": "LI",
        "to": "Montserrat",
        "toIso": "MS",
        "mode": "land",
        "distance": 11.050559
      },
      "geometry": {
        "type": "LineString",
        "coordinates": [
          [
            85.594319,
            -41.823903
          ],
          [
            82.23225,
            -49.208559
          ],
          [
            78.870182,
            -50.593215
          ]
        ]
      }
    },
    {
      "type": "Feature",
      "properties": {
        "from": "Liechtenstein",
        "fromIso": "LI",
        "to": "Mali",
        "toIso": "ML",
        "mode": "ship",
        "distance": 36.408444
      },
      "geometry": {
        "type": "LineString",
        "coordinates": [
          [
            85.594319,
            -41.823903
          ],
          [
            68.587997,
            -58.318418
          ],
          [
            51.581675,
            -54.812932
          ]
        ]
      }
    },
    {
      "type": "Feature",
      "properties": {
        "from": "Lithuania",
        "fromIso": "LT",
        "to": "Morocco",
        "toIso": "MA",
        "mode": "land",
        "distance": 11.467598
      },
      "geometry": {
        "type": "LineString",
        "coordinates": [
          [
            -123.42849,
            3.550645
          ],
          [
            -127.199596,
            10.869813
          ],
          [
            -130.970702,
            12.18898
          ]
        ]
      }
    },
    {
      "type": "Feature",
      "properties": {
        "from": "Lithuania",
        "fromIso": "LT",
        "to": "Saudi Arabia",
        "toIso": "SA",
        "mode": "ship",
        "distance": 36.486409
      },
      "geometry": {
        "type": "LineString",
        "coordinates": [
          [
            -123.42849,
            3.550645
          ],
          [
            -129.119041,
            -23.782334
          ],
          [
            -134.809591,
            -31.115312
          ]
        ]
      }
    },
    {
      "type": "Feature",
      "properties": {
        "from": "Luxembourg",
        "fromIso": "LU",
        "to": "North Korea",
        "toIso": "KP",
        "mode": "land",
        "distance": 9.764748
      },
      "geometry": {
        "type": "LineString",
        "coordinates": [
          [
            96.468918,
            36.897688
          ],
          [
            98.684079,
            44.248623
          ],
          [
            100.89924,
            45.599558
          ]
        ]
      }
    },
    {
      "type": "Feature",
      "properties": {
        "from": "Luxembourg",
        "fromIso": "LU",
        "to": "Panama",
        "toIso": "PA",
        "mode": "ship",
        "distance": 35.90597
      },
      "geometry": {
        "type": "LineString",
        "coordinates": [
          [
            96.468918,
            36.897688
          ],
          [
            113.745422,
            22.015875
          ],
          [
            131.021925,
            27.134063
          ]
        ]
      }
    },
    {
      "type": "Feature",
      "properties": {
        "from": "Macao SAR China",
        "fromIso": "MO",
        "to": "North Macedonia",
        "toIso": "MK",
        "mode": "land",
        "distance": 12.084057
      },
      "geometry": {
        "type": "LineString",
        "coordinates": [
          [
            -18.424431,
            -58.205049
          ],
          [
            -13.812383,
            -65.108269
          ],
          [
            -9.200336,
            -66.011489
          ]
        ]
      }
    },
    {
      "type": "Feature",
      "properties": {
        "from": "Macao SAR China",
        "fromIso": "MO",
        "to": "St. Helena",
        "toIso": "SH",
        "mode": "ship",
        "distance": 35.045546
      },
      "geometry": {
        "type": "LineString",
        "coordinates": [
          [
            -18.424431,
            -58.205049
          ],
          [
            -34.905441,
            -74.156845
          ],
          [
            -51.386452,
            -70.10864
          ]
        ]
      }
    },
    {
      "type": "Feature",
      "properties": {
        "from": "Madagascar",
        "fromIso": "MG",
        "to": "Namibia",
        "toIso": "NA",
        "mode": "land",
        "distance": 12.970214
      },
      "geometry": {
        "type": "LineString",
        "coordinates": [
          [
            -69.943345,
            48.98441
          ],
          [
            -64.871822,
            56.026224
          ],
          [
            -59.800299,
            57.068039
          ]
        ]
      }
    },
    {
      "type": "Feature",
      "properties": {
        "from": "Malawi",
        "fromIso": "MW",
        "to": "Nauru",
        "toIso": "NR",
        "mode": "land",
        "distance": 10.06254
      },
      "geometry": {
        "type": "LineString",
        "coordinates": [
          [
            122.110762,
            -13.861954
          ],
          [
            124.127125,
            -21.471505
          ],
          [
            126.143488,
            -23.081055
          ]
        ]
      }
    },
    {
      "type": "Feature",
      "properties": {
        "from": "Malawi",
        "fromIso": "MW",
        "to": "Germany",
        "toIso": "DE",
        "mode": "ship",
        "distance": 37.068918
      },
      "geometry": {
        "type": "LineString",
        "coordinates": [
          [
            122.110762,
            -13.861954
          ],
          [
            104.313378,
            -29.036824
          ],
          [
            86.515993,
            -24.211694
          ]
        ]
      }
    },
    {
      "type": "Feature",
      "properties": {
        "from": "Malaysia",
        "fromIso": "MY",
        "to": "Oman",
        "toIso": "OM",
        "mode": "land",
        "distance": 10.997816
      },
      "geometry": {
        "type": "LineString",
        "coordinates": [
          [
            -110.28806,
            -28.839151
          ],
          [
            -113.94505,
            -35.945782
          ],
          [
            -117.602039,
            -37.052413
          ]
        ]
      }
    },
    {
      "type": "Feature",
      "properties": {
        "from": "Malaysia",
        "fromIso": "MY",
        "to": "Guadeloupe",
        "toIso": "GP",
        "mode": "ship",
        "distance": 36.207193
      },
      "geometry": {
        "type": "LineString",
        "coordinates": [
          [
            -110.28806,
            -28.839151
          ],
          [
            -92.39406,
            -41.585963
          ],
          [
            -74.50006,
            -34.332775
          ]
        ]
      }
    },
    {
      "type": "Feature",
      "properties": {
        "from": "Maldives",
        "fromIso": "MV",
        "to": "Pakistan",
        "toIso": "PK",
        "mode": "land",
        "distance": 10.540541
      },
      "geometry": {
        "type": "LineString",
        "coordinates": [
          [
            40.221513,
            56.658349
          ],
          [
            37.018684,
            63.843757
          ],
          [
            33.815856,
            65.029165
          ]
        ]
      }
    },
    {
      "type": "Feature",
      "properties": {
        "from": "Maldives",
        "fromIso": "MV",
        "to": "Guam",
        "toIso": "GU",
        "mode": "ship",
        "distance": 35.134636
      },
      "geometry": {
        "type": "LineString",
        "coordinates": [
          [
            40.221513,
            56.658349
          ],
          [
            23.038239,
            43.005162
          ],
          [
            5.854966,
            49.351976
          ]
        ]
      }
    },
    {
      "type": "Feature",
      "properties": {
        "from": "Mali",
        "fromIso": "ML",
        "to": "Serbia",
        "toIso": "RS",
        "mode": "land",
        "distance": 11.953467
      },
      "geometry": {
        "type": "LineString",
        "coordinates": [
          [
            51.581675,
            -54.812932
          ],
          [
            52.861011,
            -63.651138
          ],
          [
            54.140347,
            -66.489343
          ]
        ]
      }
    },
    {
      "type": "Feature",
      "properties": {
        "from": "Mali",
        "fromIso": "ML",
        "to": "Comoros",
        "toIso": "KM",
        "mode": "ship",
        "distance": 35.564716
      },
      "geometry": {
        "type": "LineString",
        "coordinates": [
          [
            51.581675,
            -54.812932
          ],
          [
            57.418139,
            -28.015672
          ],
          [
            63.254604,
            -21.218412
          ]
        ]
      }
    },
    {
      "type": "Feature",
      "properties": {
        "from": "Malta",
        "fromIso": "MT",
        "to": "New Zealand",
        "toIso": "NZ",
        "mode": "land",
        "distance": 9.489645
      },
      "geometry": {
        "type": "LineString",
        "coordinates": [
          [
            -116.875559,
            24.052999
          ],
          [
            -117.044837,
            31.794801
          ],
          [
            -117.214114,
            33.536603
          ]
        ]
      }
    },
    {
      "type": "Feature",
      "properties": {
        "from": "Malta",
        "fromIso": "MT",
        "to": "Sri Lanka",
        "toIso": "LK",
        "mode": "ship",
        "distance": 35.299283
      },
      "geometry": {
        "type": "LineString",
        "coordinates": [
          [
            -116.875559,
            24.052999
          ],
          [
            -134.25988,
            11.004189
          ],
          [
            -151.6442,
            17.955379
          ]
        ]
      }
    },
    {
      "type": "Feature",
      "properties": {
        "from": "Marshall Islands",
        "fromIso": "MH",
        "to": "Panama",
        "toIso": "PA",
        "mode": "land",
        "distance": 12.501267
      },
      "geometry": {
        "type": "LineString",
        "coordinates": [
          [
            121.032808,
            19.617467
          ],
          [
            126.027366,
            26.375765
          ],
          [
            131.021925,
            27.134063
          ]
        ]
      }
    },
    {
      "type": "Feature",
      "properties": {
        "from": "Marshall Islands",
        "fromIso": "MH",
        "to": "Suriname",
        "toIso": "SR",
        "mode": "ship",
        "distance": 38.036526
      },
      "geometry": {
        "type": "LineString",
        "coordinates": [
          [
            121.032808,
            19.617467
          ],
          [
            139.552052,
            5.289425
          ],
          [
            158.071295,
            10.961382
          ]
        ]
      }
    },
    {
      "type": "Feature",
      "properties": {
        "from": "Martinique",
        "fromIso": "MQ",
        "to": "Papua New Guinea",
        "toIso": "PG",
        "mode": "land",
        "distance": 9.370355
      },
      "geometry": {
        "type": "LineString",
        "coordinates": [
          [
            -61.408548,
            -53.267302
          ],
          [
            -59.68793,
            -60.625096
          ],
          [
            -57.967312,
            -61.982889
          ]
        ]
      }
    },
    {
      "type": "Feature",
      "properties": {
        "from": "Mauritania",
        "fromIso": "MR",
        "to": "Sint Maarten",
        "toIso": "SX",
        "mode": "land",
        "distance": 11.742838
      },
      "geometry": {
        "type": "LineString",
        "coordinates": [
          [
            -31.028087,
            59.080292
          ],
          [
            -30.059434,
            67.871257
          ],
          [
            -29.090781,
            70.662221
          ]
        ]
      }
    },
    {
      "type": "Feature",
      "properties": {
        "from": "Mauritania",
        "fromIso": "MR",
        "to": "Georgia",
        "toIso": "GE",
        "mode": "land",
        "distance": 14.050799
      },
      "geometry": {
        "type": "LineString",
        "coordinates": [
          [
            -31.028087,
            59.080292
          ],
          [
            -30.007288,
            49.12945
          ],
          [
            -28.986488,
            45.178608
          ]
        ]
      }
    },
    {
      "type": "Feature",
      "properties": {
        "from": "Mauritius",
        "fromIso": "MU",
        "to": "Niue",
        "toIso": "NU",
        "mode": "land",
        "distance": 10.019841
      },
      "geometry": {
        "type": "LineString",
        "coordinates": [
          [
            107.778945,
            -33.788342
          ],
          [
            106.071955,
            -41.498489
          ],
          [
            104.364964,
            -43.208636
          ]
        ]
      }
    },
    {
      "type": "Feature",
      "properties": {
        "from": "Mauritius",
        "fromIso": "MU",
        "to": "Spain",
        "toIso": "ES",
        "mode": "ship",
        "distance": 35.262748
      },
      "geometry": {
        "type": "LineString",
        "coordinates": [
          [
            107.778945,
            -33.788342
          ],
          [
            96.849986,
            -57.623919
          ],
          [
            85.921027,
            -61.459497
          ]
        ]
      }
    },
    {
      "type": "Feature",
      "properties": {
        "from": "Mayotte",
        "fromIso": "YT",
        "to": "Norfolk Island",
        "toIso": "NF",
        "mode": "land",
        "distance": 13.584834
      },
      "geometry": {
        "type": "LineString",
        "coordinates": [
          [
            -128.264283,
            -9.499007
          ],
          [
            -133.730257,
            -2.46663
          ],
          [
            -139.196231,
            -1.434254
          ]
        ]
      }
    },
    {
      "type": "Feature",
      "properties": {
        "from": "Mayotte",
        "fromIso": "YT",
        "to": "Nepal",
        "toIso": "NP",
        "mode": "land",
        "distance": 13.914946
      },
      "geometry": {
        "type": "LineString",
        "coordinates": [
          [
            -128.264283,
            -9.499007
          ],
          [
            -127.354377,
            -19.396724
          ],
          [
            -126.444472,
            -23.294441
          ]
        ]
      }
    },
    {
      "type": "Feature",
      "properties": {
        "from": "Mayotte",
        "fromIso": "YT",
        "to": "Turks & Caicos Islands",
        "toIso": "TC",
        "mode": "ship",
        "distance": 35.254731
      },
      "geometry": {
        "type": "LineString",
        "coordinates": [
          [
            -128.264283,
            -9.499007
          ],
          [
            -145.707026,
            -22.043554
          ],
          [
            -163.14977,
            -14.588102
          ]
        ]
      }
    },
    {
      "type": "Feature",
      "properties": {
        "from": "Mexico",
        "fromIso": "MX",
        "to": "Pitcairn Islands",
        "toIso": "PN",
        "mode": "land",
        "distance": 8.841978
      },
      "geometry": {
        "type": "LineString",
        "coordinates": [
          [
            81.278972,
            48.089041
          ],
          [
            81.076266,
            55.505381
          ],
          [
            80.87356,
            56.92172
          ]
        ]
      }
    },
    {
      "type": "Feature",
      "properties": {
        "from": "Micronesia",
        "fromIso": "FM",
        "to": "Somalia",
        "toIso": "SO",
        "mode": "land",
        "distance": 12.764917
      },
      "geometry": {
        "type": "LineString",
        "coordinates": [
          [
            8.887735,
            -61.603148
          ],
          [
            5.74813,
            -70.160005
          ],
          [
            2.608526,
            -72.716862
          ]
        ]
      }
    },
    {
      "type": "Feature",
      "properties": {
        "from": "Micronesia",
        "fromIso": "FM",
        "to": "Guinea-Bissau",
        "toIso": "GW",
        "mode": "ship",
        "distance": 35.621303
      },
      "geometry": {
        "type": "LineString",
        "coordinates": [
          [
            8.887735,
            -61.603148
          ],
          [
            -7.801314,
            -45.38262
          ],
          [
            -24.490362,
            -49.162092
          ]
        ]
      }
    },
    {
      "type": "Feature",
      "properties": {
        "from": "Moldova",
        "fromIso": "MD",
        "to": "Northern Mariana Islands",
        "toIso": "MP",
        "mode": "land",
        "distance": 11.483506
      },
      "geometry": {
        "type": "LineString",
        "coordinates": [
          [
            -95.006539,
            42.73892
          ],
          [
            -91.458532,
            50.253272
          ],
          [
            -87.910525,
            51.767624
          ]
        ]
      }
    },
    {
      "type": "Feature",
      "properties": {
        "from": "Monaco",
        "fromIso": "MC",
        "to": "Norway",
        "toIso": "NO",
        "mode": "land",
        "distance": 11.77051
      },
      "geometry": {
        "type": "LineString",
        "coordinates": [
          [
            131.648664,
            -1.213239
          ],
          [
            135.47245,
            -8.687038
          ],
          [
            139.296237,
            -10.160838
          ]
        ]
      }
    },
    {
      "type": "Feature",
      "properties": {
        "from": "Monaco",
        "fromIso": "MC",
        "to": "Uganda",
        "toIso": "UG",
        "mode": "ship",
        "distance": 35.897317
      },
      "geometry": {
        "type": "LineString",
        "coordinates": [
          [
            131.648664,
            -1.213239
          ],
          [
            149.564587,
            9.870297
          ],
          [
            167.48051,
            0.953833
          ]
        ]
      }
    },
    {
      "type": "Feature",
      "properties": {
        "from": "Mongolia",
        "fromIso": "MN",
        "to": "Qatar",
        "toIso": "QA",
        "mode": "land",
        "distance": 9.10617
      },
      "geometry": {
        "type": "LineString",
        "coordinates": [
          [
            -99.151598,
            -41.241345
          ],
          [
            -100.464196,
            -48.601123
          ],
          [
            -101.776793,
            -49.960902
          ]
        ]
      }
    },
    {
      "type": "Feature",
      "properties": {
        "from": "Mongolia",
        "fromIso": "MN",
        "to": "Saudi Arabia",
        "toIso": "SA",
        "mode": "ship",
        "distance": 37.067897
      },
      "geometry": {
        "type": "LineString",
        "coordinates": [
          [
            -99.151598,
            -41.241345
          ],
          [
            -116.980595,
            -26.178328
          ],
          [
            -134.809591,
            -31.115312
          ]
        ]
      }
    },
    {
      "type": "Feature",
      "properties": {
        "from": "Montenegro",
        "fromIso": "ME",
        "to": "Réunion",
        "toIso": "RE",
        "mode": "land",
        "distance": 12.820343
      },
      "geometry": {
        "type": "LineString",
        "coordinates": [
          [
            14.166217,
            62.251168
          ],
          [
            8.878335,
            68.874509
          ],
          [
            3.590453,
            69.49785
          ]
        ]
      }
    },
    {
      "type": "Feature",
      "properties": {
        "from": "Montenegro",
        "fromIso": "ME",
        "to": "Ecuador",
        "toIso": "EC",
        "mode": "ship",
        "distance": 37.319384
      },
      "geometry": {
        "type": "LineString",
        "coordinates": [
          [
            14.166217,
            62.251168
          ],
          [
            27.852336,
            39.567546
          ],
          [
            41.538455,
            36.883925
          ]
        ]
      }
    },
    {
      "type": "Feature",
      "properties": {
        "from": "Montserrat",
        "fromIso": "MS",
        "to": "Spain",
        "toIso": "ES",
        "mode": "land",
        "distance": 12.953397
      },
      "geometry": {
        "type": "LineString",
        "coordinates": [
          [
            78.870182,
            -50.593215
          ],
          [
            82.395604,
            -59.026356
          ],
          [
            85.921027,
            -61.459497
          ]
        ]
      }
    },
    {
      "type": "Feature",
      "properties": {
        "from": "Montserrat",
        "fromIso": "MS",
        "to": "French Polynesia",
        "toIso": "PF",
        "mode": "ship",
        "distance": 36.044181
      },
      "geometry": {
        "type": "LineString",
        "coordinates": [
          [
            78.870182,
            -50.593215
          ],
          [
            61.487584,
            -35.834955
          ],
          [
            44.104986,
            -41.076695
          ]
        ]
      }
    },
    {
      "type": "Feature",
      "properties": {
        "from": "Morocco",
        "fromIso": "MA",
        "to": "Palestinian Territories",
        "toIso": "PS",
        "mode": "land",
        "distance": 10.359549
      },
      "geometry": {
        "type": "LineString",
        "coordinates": [
          [
            -130.970702,
            12.18898
          ],
          [
            -132.998607,
            19.955285
          ],
          [
            -135.026513,
            21.72159
          ]
        ]
      }
    },
    {
      "type": "Feature",
      "properties": {
        "from": "Morocco",
        "fromIso": "MA",
        "to": "Portugal",
        "toIso": "PT",
        "mode": "ship",
        "distance": 35.576574
      },
      "geometry": {
        "type": "LineString",
        "coordinates": [
          [
            -130.970702,
            12.18898
          ],
          [
            -122.311384,
            37.7273
          ],
          [
            -113.652066,
            43.265619
          ]
        ]
      }
    },
    {
      "type": "Feature",
      "properties": {
        "from": "Mozambique",
        "fromIso": "MZ",
        "to": "Rwanda",
        "toIso": "RW",
        "mode": "land",
        "distance": 10.063813
      },
      "geometry": {
        "type": "LineString",
        "coordinates": [
          [
            114.393965,
            32.900049
          ],
          [
            117.180843,
            40.089726
          ],
          [
            119.967721,
            41.279403
          ]
        ]
      }
    },
    {
      "type": "Feature",
      "properties": {
        "from": "Myanmar (Burma)",
        "fromIso": "MM",
        "to": "Samoa",
        "toIso": "WS",
        "mode": "land",
        "distance": 11.215819
      },
      "geometry": {
        "type": "LineString",
        "coordinates": [
          [
            -37.413594,
            -60.952549
          ],
          [
            -33.453093,
            -67.922823
          ],
          [
            -29.492592,
            -68.893098
          ]
        ]
      }
    },
    {
      "type": "Feature",
      "properties": {
        "from": "Myanmar (Burma)",
        "fromIso": "MM",
        "to": "Isle of Man",
        "toIso": "IM",
        "mode": "ship",
        "distance": 36.444963
      },
      "geometry": {
        "type": "LineString",
        "coordinates": [
          [
            -37.413594,
            -60.952549
          ],
          [
            -19.541196,
            -47.397801
          ],
          [
            -1.668798,
            -53.843054
          ]
        ]
      }
    },
    {
      "type": "Feature",
      "properties": {
        "from": "Namibia",
        "fromIso": "NA",
        "to": "St. Kitts & Nevis",
        "toIso": "KN",
        "mode": "land",
        "distance": 11.517669
      },
      "geometry": {
        "type": "LineString",
        "coordinates": [
          [
            -59.800299,
            57.068039
          ],
          [
            -61.174218,
            65.660581
          ],
          [
            -62.548137,
            68.253122
          ]
        ]
      }
    },
    {
      "type": "Feature",
      "properties": {
        "from": "Namibia",
        "fromIso": "NA",
        "to": "Tanzania",
        "toIso": "TZ",
        "mode": "ship",
        "distance": 35.557309
      },
      "geometry": {
        "type": "LineString",
        "coordinates": [
          [
            -59.800299,
            57.068039
          ],
          [
            -77.393299,
            69.63064
          ],
          [
            -94.986298,
            62.193241
          ]
        ]
      }
    },
    {
      "type": "Feature",
      "properties": {
        "from": "Nauru",
        "fromIso": "NR",
        "to": "Peru",
        "toIso": "PE",
        "mode": "land",
        "distance": 9.800996
      },
      "geometry": {
        "type": "LineString",
        "coordinates": [
          [
            126.143488,
            -23.081055
          ],
          [
            126.281917,
            -30.979598
          ],
          [
            126.420346,
            -32.87814
          ]
        ]
      }
    },
    {
      "type": "Feature",
      "properties": {
        "from": "Nauru",
        "fromIso": "NR",
        "to": "Finland",
        "toIso": "FI",
        "mode": "ship",
        "distance": 35.351669
      },
      "geometry": {
        "type": "LineString",
        "coordinates": [
          [
            126.143488,
            -23.081055
          ],
          [
            110.086451,
            -5.691422
          ],
          [
            94.029414,
            -8.301788
          ]
        ]
      }
    },
    {
      "type": "Feature",
      "properties": {
        "from": "Nepal",
        "fromIso": "NP",
        "to": "Saudi Arabia",
        "toIso": "SA",
        "mode": "land",
        "distance": 11.451692
      },
      "geometry": {
        "type": "LineString",
        "coordinates": [
          [
            -126.444472,
            -23.294441
          ],
          [
            -130.627032,
            -30.204876
          ],
          [
            -134.809591,
            -31.115312
          ]
        ]
      }
    },
    {
      "type": "Feature",
      "properties": {
        "from": "Nepal",
        "fromIso": "NP",
        "to": "Kyrgyzstan",
        "toIso": "KG",
        "mode": "land",
        "distance": 13.738309
      },
      "geometry": {
        "type": "LineString",
        "coordinates": [
          [
            -126.444472,
            -23.294441
          ],
          [
            -120.58461,
            -16.710127
          ],
          [
            -114.724748,
            -16.125814
          ]
        ]
      }
    },
    {
      "type": "Feature",
      "properties": {
        "from": "Nepal",
        "fromIso": "NP",
        "to": "Morocco",
        "toIso": "MA",
        "mode": "ship",
        "distance": 35.770937
      },
      "geometry": {
        "type": "LineString",
        "coordinates": [
          [
            -126.444472,
            -23.294441
          ],
          [
            -128.707587,
            4.44727
          ],
          [
            -130.970702,
            12.18898
          ]
        ]
      }
    },
    {
      "type": "Feature",
      "properties": {
        "from": "Netherlands",
        "fromIso": "NL",
        "to": "Senegal",
        "toIso": "SN",
        "mode": "land",
        "distance": 9.830726
      },
      "geometry": {
        "type": "LineString",
        "coordinates": [
          [
            60.110165,
            57.697682
          ],
          [
            57.576123,
            64.909502
          ],
          [
            55.042081,
            66.121321
          ]
        ]
      }
    },
    {
      "type": "Feature",
      "properties": {
        "from": "Netherlands",
        "fromIso": "NL",
        "to": "French Guiana",
        "toIso": "GF",
        "mode": "ship",
        "distance": 36.664635
      },
      "geometry": {
        "type": "LineString",
        "coordinates": [
          [
            60.110165,
            57.697682
          ],
          [
            43.090049,
            40.886699
          ],
          [
            26.069932,
            44.075715
          ]
        ]
      }
    },
    {
      "type": "Feature",
      "properties": {
        "from": "New Caledonia",
        "fromIso": "NC",
        "to": "St. Vincent & Grenadines",
        "toIso": "VC",
        "mode": "land",
        "distance": 11.244602
      },
      "geometry": {
        "type": "LineString",
        "coordinates": [
          [
            38.334146,
            -61.918568
          ],
          [
            37.551215,
            -70.486089
          ],
          [
            36.768285,
            -73.05361
          ]
        ]
      }
    },
    {
      "type": "Feature",
      "properties": {
        "from": "New Zealand",
        "fromIso": "NZ",
        "to": "Portugal",
        "toIso": "PT",
        "mode": "land",
        "distance": 10.360595
      },
      "geometry": {
        "type": "LineString",
        "coordinates": [
          [
            -117.214114,
            33.536603
          ],
          [
            -115.43309,
            41.401111
          ],
          [
            -113.652066,
            43.265619
          ]
        ]
      }
    },
    {
      "type": "Feature",
      "properties": {
        "from": "New Zealand",
        "fromIso": "NZ",
        "to": "Tonga",
        "toIso": "TO",
        "mode": "ship",
        "distance": 35.658408
      },
      "geometry": {
        "type": "LineString",
        "coordinates": [
          [
            -117.214114,
            33.536603
          ],
          [
            -134.880156,
            21.13006
          ],
          [
            -152.546199,
            28.723517
          ]
        ]
      }
    },
    {
      "type": "Feature",
      "properties": {
        "from": "Nicaragua",
        "fromIso": "NI",
        "to": "Sierra Leone",
        "toIso": "SL",
        "mode": "land",
        "distance": 13.009062
      },
      "geometry": {
        "type": "LineString",
        "coordinates": [
          [
            134.832563,
            12.700803
          ],
          [
            140.296406,
            19.230015
          ],
          [
            145.76025,
            19.759227
          ]
        ]
      }
    },
    {
      "type": "Feature",
      "properties": {
        "from": "Nicaragua",
        "fromIso": "NI",
        "to": "Puerto Rico",
        "toIso": "PR",
        "mode": "land",
        "distance": 14.020286
      },
      "geometry": {
        "type": "LineString",
        "coordinates": [
          [
            134.832563,
            12.700803
          ],
          [
            140.468174,
            5.531631
          ],
          [
            146.103785,
            4.36246
          ]
        ]
      }
    },
    {
      "type": "Feature",
      "properties": {
        "from": "Nicaragua",
        "fromIso": "NI",
        "to": "Nauru",
        "toIso": "NR",
        "mode": "ship",
        "distance": 36.821752
      },
      "geometry": {
        "type": "LineString",
        "coordinates": [
          [
            134.832563,
            12.700803
          ],
          [
            130.488025,
            -15.190126
          ],
          [
            126.143488,
            -23.081055
          ]
        ]
      }
    },
    {
      "type": "Feature",
      "properties": {
        "from": "Niger",
        "fromIso": "NE",
        "to": "Singapore",
        "toIso": "SG",
        "mode": "land",
        "distance": 8.931542
      },
      "geometry": {
        "type": "LineString",
        "coordinates": [
          [
            -81.51183,
            -52.540806
          ],
          [
            -80.466706,
            -59.882559
          ],
          [
            -79.421581,
            -61.224313
          ]
        ]
      }
    },
    {
      "type": "Feature",
      "properties": {
        "from": "Niger",
        "fromIso": "NE",
        "to": "Heard & McDonald Islands",
        "toIso": "HM",
        "mode": "ship",
        "distance": 36.036768
      },
      "geometry": {
        "type": "LineString",
        "coordinates": [
          [
            -81.51183,
            -52.540806
          ],
          [
            -90.280355,
            -26.799931
          ],
          [
            -99.048881,
            -21.059057
          ]
        ]
      }
    },
    {
      "type": "Feature",
      "properties": {
        "from": "Nigeria",
        "fromIso": "NG",
        "to": "Sweden",
        "toIso": "SE",
        "mode": "land",
        "distance": 12.169836
      },
      "geometry": {
        "type": "LineString",
        "coordinates": [
          [
            -15.100272,
            64.947282
          ],
          [
            -12.224009,
            73.309496
          ],
          [
            -9.347746,
            75.67171
          ]
        ]
      }
    },
    {
      "type": "Feature",
      "properties": {
        "from": "Nigeria",
        "fromIso": "NG",
        "to": "Burundi",
        "toIso": "BI",
        "mode": "ship",
        "distance": 37.204656
      },
      "geometry": {
        "type": "LineString",
        "coordinates": [
          [
            -15.100272,
            64.947282
          ],
          [
            -7.389551,
            38.018271
          ],
          [
            0.32117,
            31.089261
          ]
        ]
      }
    },
    {
      "type": "Feature",
      "properties": {
        "from": "Niue",
        "fromIso": "NU",
        "to": "Romania",
        "toIso": "RO",
        "mode": "land",
        "distance": 11.863554
      },
      "geometry": {
        "type": "LineString",
        "coordinates": [
          [
            104.364964,
            -43.208636
          ],
          [
            100.699549,
            -50.872402
          ],
          [
            97.034134,
            -52.536168
          ]
        ]
      }
    },
    {
      "type": "Feature",
      "properties": {
        "from": "Niue",
        "fromIso": "NU",
        "to": "Dominica",
        "toIso": "DM",
        "mode": "ship",
        "distance": 36.358834
      },
      "geometry": {
        "type": "LineString",
        "coordinates": [
          [
            104.364964,
            -43.208636
          ],
          [
            92.270927,
            -19.635668
          ],
          [
            80.176889,
            -16.0627
          ]
        ]
      }
    },
    {
      "type": "Feature",
      "properties": {
        "from": "Norfolk Island",
        "fromIso": "NF",
        "to": "Russia",
        "toIso": "RU",
        "mode": "land",
        "distance": 12.164147
      },
      "geometry": {
        "type": "LineString",
        "coordinates": [
          [
            -139.196231,
            -1.434254
          ],
          [
            -143.150619,
            6.186832
          ],
          [
            -147.105006,
            7.807919
          ]
        ]
      }
    },
    {
      "type": "Feature",
      "properties": {
        "from": "Norfolk Island",
        "fromIso": "NF",
        "to": "Venezuela",
        "toIso": "VE",
        "mode": "ship",
        "distance": 35.065789
      },
      "geometry": {
        "type": "LineString",
        "coordinates": [
          [
            -139.196231,
            -1.434254
          ],
          [
            -148.091108,
            -26.543309
          ],
          [
            -156.985985,
            -31.652365
          ]
        ]
      }
    },
    {
      "type": "Feature",
      "properties": {
        "from": "North Korea",
        "fromIso": "KP",
        "to": "Solomon Islands",
        "toIso": "SB",
        "mode": "land",
        "distance": 8.763385
      },
      "geometry": {
        "type": "LineString",
        "coordinates": [
          [
            100.89924,
            45.599558
          ],
          [
            101.36709,
            52.956202
          ],
          [
            101.834939,
            54.312846
          ]
        ]
      }
    },
    {
      "type": "Feature",
      "properties": {
        "from": "North Macedonia",
        "fromIso": "MK",
        "to": "Somalia",
        "toIso": "SO",
        "mode": "land",
        "distance": 13.57981
      },
      "geometry": {
        "type": "LineString",
        "coordinates": [
          [
            -9.200336,
            -66.011489
          ],
          [
            -3.295905,
            -72.364176
          ],
          [
            2.608526,
            -72.716862
          ]
        ]
      }
    },
    {
      "type": "Feature",
      "properties": {
        "from": "Northern Mariana Islands",
        "fromIso": "MP",
        "to": "Tanzania",
        "toIso": "TZ",
        "mode": "land",
        "distance": 12.600002
      },
      "geometry": {
        "type": "LineString",
        "coordinates": [
          [
            -87.910525,
            51.767624
          ],
          [
            -91.448412,
            59.980432
          ],
          [
            -94.986298,
            62.193241
          ]
        ]
      }
    },
    {
      "type": "Feature",
      "properties": {
        "from": "Norway",
        "fromIso": "NO",
        "to": "São Tomé & Príncipe",
        "toIso": "ST",
        "mode": "land",
        "distance": 10.714822
      },
      "geometry": {
        "type": "LineString",
        "coordinates": [
          [
            139.296237,
            -10.160838
          ],
          [
            141.412111,
            -18.082721
          ],
          [
            143.527986,
            -20.004603
          ]
        ]
      }
    },
    {
      "type": "Feature",
      "properties": {
        "from": "Oman",
        "fromIso": "OM",
        "to": "South Korea",
        "toIso": "KR",
        "mode": "land",
        "distance": 9.375929
      },
      "geometry": {
        "type": "LineString",
        "coordinates": [
          [
            -117.602039,
            -37.052413
          ],
          [
            -119.567681,
            -44.308381
          ],
          [
            -121.533323,
            -45.564349
          ]
        ]
      }
    },
    {
      "type": "Feature",
      "properties": {
        "from": "Oman",
        "fromIso": "OM",
        "to": "St. Martin",
        "toIso": "MF",
        "mode": "ship",
        "distance": 35.252656
      },
      "geometry": {
        "type": "LineString",
        "coordinates": [
          [
            -117.602039,
            -37.052413
          ],
          [
            -133.888347,
            -20.311225
          ],
          [
            -150.174655,
            -23.570038
          ]
        ]
      }
    },
    {
      "type": "Feature",
      "properties": {
        "from": "Pakistan",
        "fromIso": "PK",
        "to": "South Sudan",
        "toIso": "SS",
        "mode": "land",
        "distance": 11.971117
      },
      "geometry": {
        "type": "LineString",
        "coordinates": [
          [
            33.815856,
            65.029165
          ],
          [
            29.15712,
            71.787235
          ],
          [
            24.498383,
            72.545304
          ]
        ]
      }
    },
    {
      "type": "Feature",
      "properties": {
        "from": "Pakistan",
        "fromIso": "PK",
        "to": "Gibraltar",
        "toIso": "GI",
        "mode": "ship",
        "distance": 36.423404
      },
      "geometry": {
        "type": "LineString",
        "coordinates": [
          [
            33.815856,
            65.029165
          ],
          [
            46.574531,
            42.033693
          ],
          [
            59.333207,
            39.038221
          ]
        ]
      }
    },
    {
      "type": "Feature",
      "properties": {
        "from": "Palau",
        "fromIso": "PW",
        "to": "Tokelau",
        "toIso": "TK",
        "mode": "land",
        "distance": 11.166095
      },
      "geometry": {
        "type": "LineString",
        "coordinates": [
          [
            68.289757,
            -58.912713
          ],
          [
            69.762739,
            -67.297947
          ],
          [
            71.235721,
            -69.683181
          ]
        ]
      }
    },
    {
      "type": "Feature",
      "properties": {
        "from": "Palau",
        "fromIso": "PW",
        "to": "Montserrat",
        "toIso": "MS",
        "mode": "land",
        "distance": 13.459548
      },
      "geometry": {
        "type": "LineString",
        "coordinates": [
          [
            68.289757,
            -58.912713
          ],
          [
            73.57997,
            -51.752964
          ],
          [
            78.870182,
            -50.593215
          ]
        ]
      }
    },
    {
      "type": "Feature",
      "properties": {
        "from": "Palau",
        "fromIso": "PW",
        "to": "United Kingdom",
        "toIso": "GB",
        "mode": "ship",
        "distance": 36.066321
      },
      "geometry": {
        "type": "LineString",
        "coordinates": [
          [
            68.289757,
            -58.912713
          ],
          [
            86.229298,
            -70.747861
          ],
          [
            104.168838,
            -62.583008
          ]
        ]
      }
    },
    {
      "type": "Feature",
      "properties": {
        "from": "Palestinian Territories",
        "fromIso": "PS",
        "to": "Seychelles",
        "toIso": "SC",
        "mode": "land",
        "distance": 10.126164
      },
      "geometry": {
        "type": "LineString",
        "coordinates": [
          [
            -135.026513,
            21.72159
          ],
          [
            -135.207178,
            29.781447
          ],
          [
            -135.387843,
            31.841305
          ]
        ]
      }
    },
    {
      "type": "Feature",
      "properties": {
        "from": "Palestinian Territories",
        "fromIso": "PS",
        "to": "Hungary",
        "toIso": "HU",
        "mode": "ship",
        "distance": 38.031958
      },
      "geometry": {
        "type": "LineString",
        "coordinates": [
          [
            -135.026513,
            21.72159
          ],
          [
            -116.067967,
            33.198411
          ],
          [
            -97.109421,
            24.675231
          ]
        ]
      }
    },
    {
      "type": "Feature",
      "properties": {
        "from": "Panama",
        "fromIso": "PA",
        "to": "St. Barthélemy",
        "toIso": "BL",
        "mode": "land",
        "distance": 10.575717
      },
      "geometry": {
        "type": "LineString",
        "coordinates": [
          [
            131.021925,
            27.134063
          ],
          [
            134.431085,
            34.176225
          ],
          [
            137.840246,
            35.218386
          ]
        ]
      }
    },
    {
      "type": "Feature",
      "properties": {
        "from": "Panama",
        "fromIso": "PA",
        "to": "North Korea",
        "toIso": "KP",
        "mode": "ship",
        "distance": 35.332006
      },
      "geometry": {
        "type": "LineString",
        "coordinates": [
          [
            131.021925,
            27.134063
          ],
          [
            115.960583,
            46.36681
          ],
          [
            100.89924,
            45.599558
          ]
        ]
      }
    },
    {
      "type": "Feature",
      "properties": {
        "from": "Papua New Guinea",
        "fromIso": "PG",
        "to": "St. Helena",
        "toIso": "SH",
        "mode": "land",
        "distance": 10.456364
      },
      "geometry": {
        "type": "LineString",
        "coordinates": [
          [
            -57.967312,
            -61.982889
          ],
          [
            -54.676882,
            -69.045764
          ],
          [
            -51.386452,
            -70.10864
          ]
        ]
      }
    },
    {
      "type": "Feature",
      "properties": {
        "from": "Papua New Guinea",
        "fromIso": "PG",
        "to": "Guinea-Bissau",
        "toIso": "GW",
        "mode": "ship",
        "distance": 35.847999
      },
      "geometry": {
        "type": "LineString",
        "coordinates": [
          [
            -57.967312,
            -61.982889
          ],
          [
            -41.228837,
            -45.572491
          ],
          [
            -24.490362,
            -49.162092
          ]
        ]
      }
    },
    {
      "type": "Feature",
      "properties": {
        "from": "Paraguay",
        "fromIso": "PY",
        "to": "Türkiye",
        "toIso": "TR",
        "mode": "land",
        "distance": 10.828323
      },
      "geometry": {
        "type": "LineString",
        "coordinates": [
          [
            -46.054208,
            64.382186
          ],
          [
            -45.447379,
            72.762233
          ],
          [
            -44.84055,
            75.14228
          ]
        ]
      }
    },
    {
      "type": "Feature",
      "properties": {
        "from": "Paraguay",
        "fromIso": "PY",
        "to": "Caribbean Netherlands",
        "toIso": "BQ",
        "mode": "ship",
        "distance": 37.313606
      },
      "geometry": {
        "type": "LineString",
        "coordinates": [
          [
            -46.054208,
            64.382186
          ],
          [
            -41.737611,
            36.231614
          ],
          [
            -37.421014,
            28.081041
          ]
        ]
      }
    },
    {
      "type": "Feature",
      "properties": {
        "from": "Peru",
        "fromIso": "PE",
        "to": "Slovakia",
        "toIso": "SK",
        "mode": "land",
        "distance": 10.673489
      },
      "geometry": {
        "type": "LineString",
        "coordinates": [
          [
            126.420346,
            -32.87814
          ],
          [
            124.633391,
            -40.906821
          ],
          [
            122.846436,
            -42.935502
          ]
        ]
      }
    },
    {
      "type": "Feature",
      "properties": {
        "from": "Peru",
        "fromIso": "PE",
        "to": "Romania",
        "toIso": "RO",
        "mode": "ship",
        "distance": 35.355163
      },
      "geometry": {
        "type": "LineString",
        "coordinates": [
          [
            126.420346,
            -32.87814
          ],
          [
            111.72724,
            -52.707154
          ],
          [
            97.034134,
            -52.536168
          ]
        ]
      }
    },
    {
      "type": "Feature",
      "properties": {
        "from": "Philippines",
        "fromIso": "PH",
        "to": "St. Martin",
        "toIso": "MF",
        "mode": "land",
        "distance": 12.083847
      },
      "geometry": {
        "type": "LineString",
        "coordinates": [
          [
            -140.653725,
            -16.128852
          ],
          [
            -145.41419,
            -22.849445
          ],
          [
            -150.174655,
            -23.570038
          ]
        ]
      }
    },
    {
      "type": "Feature",
      "properties": {
        "from": "Philippines",
        "fromIso": "PH",
        "to": "Mayotte",
        "toIso": "YT",
        "mode": "land",
        "distance": 14.051801
      },
      "geometry": {
        "type": "LineString",
        "coordinates": [
          [
            -140.653725,
            -16.128852
          ],
          [
            -134.459004,
            -9.81393
          ],
          [
            -128.264283,
            -9.499007
          ]
        ]
      }
    },
    {
      "type": "Feature",
      "properties": {
        "from": "Philippines",
        "fromIso": "PH",
        "to": "South Korea",
        "toIso": "KR",
        "mode": "ship",
        "distance": 35.100403
      },
      "geometry": {
        "type": "LineString",
        "coordinates": [
          [
            -140.653725,
            -16.128852
          ],
          [
            -131.093524,
            -40.846601
          ],
          [
            -121.533323,
            -45.564349
          ]
        ]
      }
    },
    {
      "type": "Feature",
      "properties": {
        "from": "Pitcairn Islands",
        "fromIso": "PN",
        "to": "St. Pierre & Miquelon",
        "toIso": "PM",
        "mode": "land",
        "distance": 9.274885
      },
      "geometry": {
        "type": "LineString",
        "coordinates": [
          [
            80.87356,
            56.92172
          ],
          [
            79.038416,
            64.180607
          ],
          [
            77.203273,
            65.439495
          ]
        ]
      }
    },
    {
      "type": "Feature",
      "properties": {
        "from": "Pitcairn Islands",
        "fromIso": "PN",
        "to": "Czechia",
        "toIso": "CZ",
        "mode": "ship",
        "distance": 37.776429
      },
      "geometry": {
        "type": "LineString",
        "coordinates": [
          [
            80.87356,
            56.92172
          ],
          [
            77.412251,
            28.35336
          ],
          [
            73.950943,
            19.785
          ]
        ]
      }
    },
    {
      "type": "Feature",
      "properties": {
        "from": "Poland",
        "fromIso": "PL",
        "to": "U.S. Outlying Islands",
        "toIso": "UM",
        "mode": "land",
        "distance": 11.659257
      },
      "geometry": {
        "type": "LineString",
        "coordinates": [
          [
            21.852198,
            -67.962828
          ],
          [
            19.21741,
            -76.163065
          ],
          [
            16.582621,
            -78.363301
          ]
        ]
      }
    },
    {
      "type": "Feature",
      "properties": {
        "from": "Poland",
        "fromIso": "PL",
        "to": "Cook Islands",
        "toIso": "CK",
        "mode": "ship",
        "distance": 35.703578
      },
      "geometry": {
        "type": "LineString",
        "coordinates": [
          [
            21.852198,
            -67.962828
          ],
          [
            12.381701,
            -42.830213
          ],
          [
            2.911204,
            -37.697597
          ]
        ]
      }
    },
    {
      "type": "Feature",
      "properties": {
        "from": "Portugal",
        "fromIso": "PT",
        "to": "South Africa",
        "toIso": "ZA",
        "mode": "land",
        "distance": 12.190614
      },
      "geometry": {
        "type": "LineString",
        "coordinates": [
          [
            -113.652066,
            43.265619
          ],
          [
            -109.930948,
            51.093253
          ],
          [
            -106.20983,
            52.920887
          ]
        ]
      }
    },
    {
      "type": "Feature",
      "properties": {
        "from": "Puerto Rico",
        "fromIso": "PR",
        "to": "South Georgia & South Sandwich Islands",
        "toIso": "GS",
        "mode": "land",
        "distance": 12.629903
      },
      "geometry": {
        "type": "LineString",
        "coordinates": [
          [
            146.103785,
            4.36246
          ],
          [
            150.254367,
            -3.396877
          ],
          [
            154.404949,
            -5.156213
          ]
        ]
      }
    },
    {
      "type": "Feature",
      "properties": {
        "from": "Puerto Rico",
        "fromIso": "PR",
        "to": "Suriname",
        "toIso": "SR",
        "mode": "land",
        "distance": 13.666275
      },
      "geometry": {
        "type": "LineString",
        "coordinates": [
          [
            146.103785,
            4.36246
          ],
          [
            152.08754,
            10.661921
          ],
          [
            158.071295,
            10.961382
          ]
        ]
      }
    },
    {
      "type": "Feature",
      "properties": {
        "from": "Puerto Rico",
        "fromIso": "PR",
        "to": "Iceland",
        "toIso": "IS",
        "mode": "ship",
        "distance": 39.592945
      },
      "geometry": {
        "type": "LineString",
        "coordinates": [
          [
            146.103785,
            4.36246
          ],
          [
            126.766925,
            18.603471
          ],
          [
            107.430065,
            12.844482
          ]
        ]
      }
    },
    {
      "type": "Feature",
      "properties": {
        "from": "Qatar",
        "fromIso": "QA",
        "to": "Svalbard & Jan Mayen",
        "toIso": "SJ",
        "mode": "land",
        "distance": 8.706528
      },
      "geometry": {
        "type": "LineString",
        "coordinates": [
          [
            -101.776793,
            -49.960902
          ],
          [
            -101.445787,
            -57.301564
          ],
          [
            -101.114782,
            -58.642225
          ]
        ]
      }
    },
    {
      "type": "Feature",
      "properties": {
        "from": "Qatar",
        "fromIso": "QA",
        "to": "Kyrgyzstan",
        "toIso": "KG",
        "mode": "ship",
        "distance": 36.227927
      },
      "geometry": {
        "type": "LineString",
        "coordinates": [
          [
            -101.776793,
            -49.960902
          ],
          [
            -108.250771,
            -23.043358
          ],
          [
            -114.724748,
            -16.125814
          ]
        ]
      }
    },
    {
      "type": "Feature",
      "properties": {
        "from": "Réunion",
        "fromIso": "RE",
        "to": "United Arab Emirates",
        "toIso": "AE",
        "mode": "land",
        "distance": 13.302198
      },
      "geometry": {
        "type": "LineString",
        "coordinates": [
          [
            3.590453,
            69.49785
          ],
          [
            8.137251,
            77.352101
          ],
          [
            12.684048,
            79.206352
          ]
        ]
      }
    },
    {
      "type": "Feature",
      "properties": {
        "from": "Réunion",
        "fromIso": "RE",
        "to": "Mauritania",
        "toIso": "MR",
        "mode": "ship",
        "distance": 36.152024
      },
      "geometry": {
        "type": "LineString",
        "coordinates": [
          [
            3.590453,
            69.49785
          ],
          [
            -13.718817,
            54.289071
          ],
          [
            -31.028087,
            59.080292
          ]
        ]
      }
    },
    {
      "type": "Feature",
      "properties": {
        "from": "Romania",
        "fromIso": "RO",
        "to": "United Kingdom",
        "toIso": "GB",
        "mode": "land",
        "distance": 12.322459
      },
      "geometry": {
        "type": "LineString",
        "coordinates": [
          [
            97.034134,
            -52.536168
          ],
          [
            100.601486,
            -60.559588
          ],
          [
            104.168838,
            -62.583008
          ]
        ]
      }
    },
    {
      "type": "Feature",
      "properties": {
        "from": "Russia",
        "fromIso": "RU",
        "to": "Sri Lanka",
        "toIso": "LK",
        "mode": "land",
        "distance": 11.116439
      },
      "geometry": {
        "type": "LineString",
        "coordinates": [
          [
            -147.105006,
            7.807919
          ],
          [
            -149.374603,
            15.881649
          ],
          [
            -151.6442,
            17.955379
          ]
        ]
      }
    },
    {
      "type": "Feature",
      "properties": {
        "from": "Rwanda",
        "fromIso": "RW",
        "to": "Taiwan",
        "toIso": "TW",
        "mode": "land",
        "distance": 8.930152
      },
      "geometry": {
        "type": "LineString",
        "coordinates": [
          [
            119.967721,
            41.279403
          ],
          [
            121.150036,
            48.585101
          ],
          [
            122.332351,
            49.890799
          ]
        ]
      }
    },
    {
      "type": "Feature",
      "properties": {
        "from": "Rwanda",
        "fromIso": "RW",
        "to": "Trinidad & Tobago",
        "toIso": "TT",
        "mode": "ship",
        "distance": 36.61987
      },
      "geometry": {
        "type": "LineString",
        "coordinates": [
          [
            119.967721,
            41.279403
          ],
          [
            136.940253,
            24.410133
          ],
          [
            153.912785,
            27.540862
          ]
        ]
      }
    },
    {
      "type": "Feature",
      "properties": {
        "from": "Samoa",
        "fromIso": "WS",
        "to": "Tajikistan",
        "toIso": "TJ",
        "mode": "land",
        "distance": 12.762692
      },
      "geometry": {
        "type": "LineString",
        "coordinates": [
          [
            -29.492592,
            -68.893098
          ],
          [
            -24.18686,
            -75.438628
          ],
          [
            -18.881128,
            -75.984159
          ]
        ]
      }
    },
    {
      "type": "Feature",
      "properties": {
        "from": "Samoa",
        "fromIso": "WS",
        "to": "Martinique",
        "toIso": "MQ",
        "mode": "ship",
        "distance": 35.535809
      },
      "geometry": {
        "type": "LineString",
        "coordinates": [
          [
            -29.492592,
            -68.893098
          ],
          [
            -45.45057,
            -51.0802
          ],
          [
            -61.408548,
            -53.267302
          ]
        ]
      }
    },
    {
      "type": "Feature",
      "properties": {
        "from": "San Marino",
        "fromIso": "SM",
        "to": "Vanuatu",
        "toIso": "VU",
        "mode": "land",
        "distance": 10.883162
      },
      "geometry": {
        "type": "LineString",
        "coordinates": [
          [
            -77.009631,
            60.370604
          ],
          [
            -78.586407,
            68.578731
          ],
          [
            -80.163182,
            70.786857
          ]
        ]
      }
    },
    {
      "type": "Feature",
      "properties": {
        "from": "San Marino",
        "fromIso": "SM",
        "to": "Madagascar",
        "toIso": "MG",
        "mode": "land",
        "distance": 13.400665
      },
      "geometry": {
        "type": "LineString",
        "coordinates": [
          [
            -77.009631,
            60.370604
          ],
          [
            -73.476488,
            51.677507
          ],
          [
            -69.943345,
            48.98441
          ]
        ]
      }
    },
    {
      "type": "Feature",
      "properties": {
        "from": "San Marino",
        "fromIso": "SM",
        "to": "Türkiye",
        "toIso": "TR",
        "mode": "ship",
        "distance": 35.398477
      },
      "geometry": {
        "type": "LineString",
        "coordinates": [
          [
            -77.009631,
            60.370604
          ],
          [
            -60.92509,
            77.756442
          ],
          [
            -44.84055,
            75.14228
          ]
        ]
      }
    },
    {
      "type": "Feature",
      "properties": {
        "from": "São Tomé & Príncipe",
        "fromIso": "ST",
        "to": "St. Lucia",
        "toIso": "LC",
        "mode": "land",
        "distance": 10.460837
      },
      "geometry": {
        "type": "LineString",
        "coordinates": [
          [
            143.527986,
            -20.004603
          ],
          [
            143.815106,
            -28.227135
          ],
          [
            144.102225,
            -30.449667
          ]
        ]
      }
    },
    {
      "type": "Feature",
      "properties": {
        "from": "São Tomé & Príncipe",
        "fromIso": "ST",
        "to": "Kuwait",
        "toIso": "KW",
        "mode": "ship",
        "distance": 36.609283
      },
      "geometry": {
        "type": "LineString",
        "coordinates": [
          [
            143.527986,
            -20.004603
          ],
          [
            125.368151,
            -32.302493
          ],
          [
            107.208316,
            -24.600383
          ]
        ]
      }
    },
    {
      "type": "Feature",
      "properties": {
        "from": "Saudi Arabia",
        "fromIso": "SA",
        "to": "Timor-Leste",
        "toIso": "TL",
        "mode": "land",
        "distance": 9.871268
      },
      "geometry": {
        "type": "LineString",
        "coordinates": [
          [
            -134.809591,
            -31.115312
          ],
          [
            -137.474219,
            -38.269857
          ],
          [
            -140.138847,
            -39.424401
          ]
        ]
      }
    },
    {
      "type": "Feature",
      "properties": {
        "from": "Senegal",
        "fromIso": "SN",
        "to": "Togo",
        "toIso": "TG",
        "mode": "land",
        "distance": 11.182933
      },
      "geometry": {
        "type": "LineString",
        "coordinates": [
          [
            55.042081,
            66.121321
          ],
          [
            51.043774,
            73.030034
          ],
          [
            47.045466,
            73.938747
          ]
        ]
      }
    },
    {
      "type": "Feature",
      "properties": {
        "from": "Serbia",
        "fromIso": "RS",
        "to": "Wallis & Futuna",
        "toIso": "WF",
        "mode": "land",
        "distance": 10.478791
      },
      "geometry": {
        "type": "LineString",
        "coordinates": [
          [
            54.140347,
            -66.489343
          ],
          [
            53.703187,
            -74.710469
          ],
          [
            53.266027,
            -76.931595
          ]
        ]
      }
    },
    {
      "type": "Feature",
      "properties": {
        "from": "Serbia",
        "fromIso": "RS",
        "to": "Eswatini",
        "toIso": "SZ",
        "mode": "ship",
        "distance": 39.062793
      },
      "geometry": {
        "type": "LineString",
        "coordinates": [
          [
            54.140347,
            -66.489343
          ],
          [
            60.851911,
            -38.147305
          ],
          [
            67.563475,
            -29.805267
          ]
        ]
      }
    },
    {
      "type": "Feature",
      "properties": {
        "from": "Seychelles",
        "fromIso": "SC",
        "to": "Sudan",
        "toIso": "SD",
        "mode": "land",
        "distance": 10.959637
      },
      "geometry": {
        "type": "LineString",
        "coordinates": [
          [
            -135.387843,
            31.841305
          ],
          [
            -133.65608,
            40.040286
          ],
          [
            -131.924316,
            42.239267
          ]
        ]
      }
    },
    {
      "type": "Feature",
      "properties": {
        "from": "Seychelles",
        "fromIso": "SC",
        "to": "South Africa",
        "toIso": "ZA",
        "mode": "ship",
        "distance": 35.995906
      },
      "geometry": {
        "type": "LineString",
        "coordinates": [
          [
            -135.387843,
            31.841305
          ],
          [
            -120.798836,
            52.381096
          ],
          [
            -106.20983,
            52.920887
          ]
        ]
      }
    },
    {
      "type": "Feature",
      "properties": {
        "from": "Sierra Leone",
        "fromIso": "SL",
        "to": "Trinidad & Tobago",
        "toIso": "TT",
        "mode": "land",
        "distance": 11.270212
      },
      "geometry": {
        "type": "LineString",
        "coordinates": [
          [
            145.76025,
            19.759227
          ],
          [
            149.836518,
            26.650044
          ],
          [
            153.912785,
            27.540862
          ]
        ]
      }
    },
    {
      "type": "Feature",
      "properties": {
        "from": "Sierra Leone",
        "fromIso": "SL",
        "to": "Thailand",
        "toIso": "TH",
        "mode": "ship",
        "distance": 37.883114
      },
      "geometry": {
        "type": "LineString",
        "coordinates": [
          [
            145.76025,
            19.759227
          ],
          [
            152.563562,
            -7.918373
          ],
          [
            159.366874,
            -15.595972
          ]
        ]
      }
    },
    {
      "type": "Feature",
      "properties": {
        "from": "Singapore",
        "fromIso": "SG",
        "to": "Tunisia",
        "toIso": "TN",
        "mode": "land",
        "distance": 9.80241
      },
      "geometry": {
        "type": "LineString",
        "coordinates": [
          [
            -79.421581,
            -61.224313
          ],
          [
            -76.840362,
            -68.390741
          ],
          [
            -74.259142,
            -69.557168
          ]
        ]
      }
    },
    {
      "type": "Feature",
      "properties": {
        "from": "Singapore",
        "fromIso": "SG",
        "to": "Eritrea",
        "toIso": "ER",
        "mode": "ship",
        "distance": 35.883926
      },
      "geometry": {
        "type": "LineString",
        "coordinates": [
          [
            -79.421581,
            -61.224313
          ],
          [
            -67.791026,
            -37.562533
          ],
          [
            -56.160471,
            -33.900753
          ]
        ]
      }
    },
    {
      "type": "Feature",
      "properties": {
        "from": "Sint Maarten",
        "fromIso": "SX",
        "to": "Zimbabwe",
        "toIso": "ZW",
        "mode": "land",
        "distance": 11.216819
      },
      "geometry": {
        "type": "LineString",
        "coordinates": [
          [
            -29.090781,
            70.662221
          ],
          [
            -26.68121,
            78.726629
          ],
          [
            -24.271638,
            80.791036
          ]
        ]
      }
    },
    {
      "type": "Feature",
      "properties": {
        "from": "Slovakia",
        "fromIso": "SK",
        "to": "Switzerland",
        "toIso": "CH",
        "mode": "land",
        "distance": 12.467511
      },
      "geometry": {
        "type": "LineString",
        "coordinates": [
          [
            122.846436,
            -42.935502
          ],
          [
            119.126236,
            -50.937483
          ],
          [
            115.406035,
            -52.939464
          ]
        ]
      }
    },
    {
      "type": "Feature",
      "properties": {
        "from": "Slovenia",
        "fromIso": "SI",
        "to": "Turks & Caicos Islands",
        "toIso": "TC",
        "mode": "land",
        "distance": 12.858252
      },
      "geometry": {
        "type": "LineString",
        "coordinates": [
          [
            -152.391479,
            -7.545814
          ],
          [
            -157.770624,
            -14.066958
          ],
          [
            -163.14977,
            -14.588102
          ]
        ]
      }
    },
    {
      "type": "Feature",
      "properties": {
        "from": "Slovenia",
        "fromIso": "SI",
        "to": "Syria",
        "toIso": "SY",
        "mode": "land",
        "distance": 13.156349
      },
      "geometry": {
        "type": "LineString",
        "coordinates": [
          [
            -152.391479,
            -7.545814
          ],
          [
            -156.794566,
            0.341436
          ],
          [
            -161.197652,
            2.228685
          ]
        ]
      }
    },
    {
      "type": "Feature",
      "properties": {
        "from": "Slovenia",
        "fromIso": "SI",
        "to": "Tonga",
        "toIso": "TO",
        "mode": "ship",
        "distance": 36.269661
      },
      "geometry": {
        "type": "LineString",
        "coordinates": [
          [
            -152.391479,
            -7.545814
          ],
          [
            -152.468839,
            20.588852
          ],
          [
            -152.546199,
            28.723517
          ]
        ]
      }
    },
    {
      "type": "Feature",
      "properties": {
        "from": "Solomon Islands",
        "fromIso": "SB",
        "to": "Tuvalu",
        "toIso": "TV",
        "mode": "land",
        "distance": 8.894998
      },
      "geometry": {
        "type": "LineString",
        "coordinates": [
          [
            101.834939,
            54.312846
          ],
          [
            100.742909,
            61.624194
          ],
          [
            99.65088,
            62.935541
          ]
        ]
      }
    },
    {
      "type": "Feature",
      "properties": {
        "from": "Solomon Islands",
        "fromIso": "SB",
        "to": "Vietnam",
        "toIso": "VN",
        "mode": "ship",
        "distance": 36.671149
      },
      "geometry": {
        "type": "LineString",
        "coordinates": [
          [
            101.834939,
            54.312846
          ],
          [
            86.22993,
            73.939736
          ],
          [
            70.624922,
            73.566626
          ]
        ]
      }
    },
    {
      "type": "Feature",
      "properties": {
        "from": "South Africa",
        "fromIso": "ZA",
        "to": "Tanzania",
        "toIso": "TZ",
        "mode": "land",
        "distance": 14.558304
      },
      "geometry": {
        "type": "LineString",
        "coordinates": [
          [
            -106.20983,
            52.920887
          ],
          [
            -100.598064,
            60.557064
          ],
          [
            -94.986298,
            62.193241
          ]
        ]
      }
    },
    {
      "type": "Feature",
      "properties": {
        "from": "South Africa",
        "fromIso": "ZA",
        "to": "Greenland",
        "toIso": "GL",
        "mode": "ship",
        "distance": 35.262767
      },
      "geometry": {
        "type": "LineString",
        "coordinates": [
          [
            -106.20983,
            52.920887
          ],
          [
            -92.133667,
            32.303575
          ],
          [
            -78.057504,
            31.686263
          ]
        ]
      }
    },
    {
      "type": "Feature",
      "properties": {
        "from": "South Georgia & South Sandwich Islands",
        "fromIso": "GS",
        "to": "Thailand",
        "toIso": "TH",
        "mode": "land",
        "distance": 11.558948
      },
      "geometry": {
        "type": "LineString",
        "coordinates": [
          [
            154.404949,
            -5.156213
          ],
          [
            156.885911,
            -13.376093
          ],
          [
            159.366874,
            -15.595972
          ]
        ]
      }
    },
    {
      "type": "Feature",
      "properties": {
        "from": "South Korea",
        "fromIso": "KR",
        "to": "Ukraine",
        "toIso": "UA",
        "mode": "land",
        "distance": 8.720602
      },
      "geometry": {
        "type": "LineString",
        "coordinates": [
          [
            -121.533323,
            -45.564349
          ],
          [
            -121.962816,
            -52.903446
          ],
          [
            -122.392308,
            -54.242543
          ]
        ]
      }
    },
    {
      "type": "Feature",
      "properties": {
        "from": "South Sudan",
        "fromIso": "SS",
        "to": "United Arab Emirates",
        "toIso": "AE",
        "mode": "land",
        "distance": 13.562746
      },
      "geometry": {
        "type": "LineString",
        "coordinates": [
          [
            24.498383,
            72.545304
          ],
          [
            18.591216,
            78.875828
          ],
          [
            12.684048,
            79.206352
          ]
        ]
      }
    },
    {
      "type": "Feature",
      "properties": {
        "from": "Spain",
        "fromIso": "ES",
        "to": "Romania",
        "toIso": "RO",
        "mode": "land",
        "distance": 14.252261
      },
      "geometry": {
        "type": "LineString",
        "coordinates": [
          [
            85.921027,
            -61.459497
          ],
          [
            91.47758,
            -53.997833
          ],
          [
            97.034134,
            -52.536168
          ]
        ]
      }
    },
    {
      "type": "Feature",
      "properties": {
        "from": "Sri Lanka",
        "fromIso": "LK",
        "to": "Tonga",
        "toIso": "TO",
        "mode": "land",
        "distance": 10.80585
      },
      "geometry": {
        "type": "LineString",
        "coordinates": [
          [
            -151.6442,
            17.955379
          ],
          [
            -152.0952,
            26.339448
          ],
          [
            -152.546199,
            28.723517
          ]
        ]
      }
    },
    {
      "type": "Feature",
      "properties": {
        "from": "St. Barthélemy",
        "fromIso": "BL",
        "to": "Uruguay",
        "toIso": "UY",
        "mode": "land",
        "distance": 9.342772
      },
      "geometry": {
        "type": "LineString",
        "coordinates": [
          [
            137.840246,
            35.218386
          ],
          [
            139.782648,
            42.466788
          ],
          [
            141.725051,
            43.71519
          ]
        ]
      }
    },
    {
      "type": "Feature",
      "properties": {
        "from": "St. Barthélemy",
        "fromIso": "BL",
        "to": "Monaco",
        "toIso": "MC",
        "mode": "ship",
        "distance": 36.954012
      },
      "geometry": {
        "type": "LineString",
        "coordinates": [
          [
            137.840246,
            35.218386
          ],
          [
            134.744455,
            7.002574
          ],
          [
            131.648664,
            -1.213239
          ]
        ]
      }
    },
    {
      "type": "Feature",
      "properties": {
        "from": "St. Helena",
        "fromIso": "SH",
        "to": "Uzbekistan",
        "toIso": "UZ",
        "mode": "land",
        "distance": 11.965864
      },
      "geometry": {
        "type": "LineString",
        "coordinates": [
          [
            -51.386452,
            -70.10864
          ],
          [
            -46.72289,
            -76.856528
          ],
          [
            -42.059329,
            -77.604417
          ]
        ]
      }
    },
    {
      "type": "Feature",
      "properties": {
        "from": "St. Kitts & Nevis",
        "fromIso": "KN",
        "to": "San Marino",
        "toIso": "SM",
        "mode": "land",
        "distance": 16.470243
      },
      "geometry": {
        "type": "LineString",
        "coordinates": [
          [
            -62.548137,
            68.253122
          ],
          [
            -69.778884,
            61.311863
          ],
          [
            -77.009631,
            60.370604
          ]
        ]
      }
    },
    {
      "type": "Feature",
      "properties": {
        "from": "St. Kitts & Nevis",
        "fromIso": "KN",
        "to": "Greenland",
        "toIso": "GL",
        "mode": "ship",
        "distance": 39.719965
      },
      "geometry": {
        "type": "LineString",
        "coordinates": [
          [
            -62.548137,
            68.253122
          ],
          [
            -70.30282,
            39.969693
          ],
          [
            -78.057504,
            31.686263
          ]
        ]
      }
    },
    {
      "type": "Feature",
      "properties": {
        "from": "St. Lucia",
        "fromIso": "LC",
        "to": "Turkmenistan",
        "toIso": "TM",
        "mode": "land",
        "distance": 11.223387
      },
      "geometry": {
        "type": "LineString",
        "coordinates": [
          [
            144.102225,
            -30.449667
          ],
          [
            142.481386,
            -38.822189
          ],
          [
            140.860547,
            -41.19471
          ]
        ]
      }
    },
    {
      "type": "Feature",
      "properties": {
        "from": "St. Lucia",
        "fromIso": "LC",
        "to": "Switzerland",
        "toIso": "CH",
        "mode": "ship",
        "distance": 36.459049
      },
      "geometry": {
        "type": "LineString",
        "coordinates": [
          [
            144.102225,
            -30.449667
          ],
          [
            129.75413,
            -51.694566
          ],
          [
            115.406035,
            -52.939464
          ]
        ]
      }
    },
    {
      "type": "Feature",
      "properties": {
        "from": "St. Martin",
        "fromIso": "MF",
        "to": "Venezuela",
        "toIso": "VE",
        "mode": "land",
        "distance": 10.569684
      },
      "geometry": {
        "type": "LineString",
        "coordinates": [
          [
            -150.174655,
            -23.570038
          ],
          [
            -153.58032,
            -30.611201
          ],
          [
            -156.985985,
            -31.652365
          ]
        ]
      }
    },
    {
      "type": "Feature",
      "properties": {
        "from": "St. Pierre & Miquelon",
        "fromIso": "PM",
        "to": "Vietnam",
        "toIso": "VN",
        "mode": "land",
        "distance": 10.455858
      },
      "geometry": {
        "type": "LineString",
        "coordinates": [
          [
            77.203273,
            65.439495
          ],
          [
            73.914097,
            72.503061
          ],
          [
            70.624922,
            73.566626
          ]
        ]
      }
    },
    {
      "type": "Feature",
      "properties": {
        "from": "St. Pierre & Miquelon",
        "fromIso": "PM",
        "to": "Falkland Islands",
        "toIso": "FK",
        "mode": "ship",
        "distance": 36.622011
      },
      "geometry": {
        "type": "LineString",
        "coordinates": [
          [
            77.203273,
            65.439495
          ],
          [
            73.473728,
            37.512325
          ],
          [
            69.744183,
            29.585155
          ]
        ]
      }
    },
    {
      "type": "Feature",
      "properties": {
        "from": "St. Vincent & Grenadines",
        "fromIso": "VC",
        "to": "Poland",
        "toIso": "PL",
        "mode": "land",
        "distance": 15.760892
      },
      "geometry": {
        "type": "LineString",
        "coordinates": [
          [
            36.768285,
            -73.05361
          ],
          [
            29.310242,
            -67.508219
          ],
          [
            21.852198,
            -67.962828
          ]
        ]
      }
    },
    {
      "type": "Feature",
      "properties": {
        "from": "Sudan",
        "fromIso": "SD",
        "to": "U.S. Virgin Islands",
        "toIso": "VI",
        "mode": "land",
        "distance": 12.698733
      },
      "geometry": {
        "type": "LineString",
        "coordinates": [
          [
            -131.924316,
            42.239267
          ],
          [
            -128.257708,
            50.422938
          ],
          [
            -124.5911,
            52.606608
          ]
        ]
      }
    },
    {
      "type": "Feature",
      "properties": {
        "from": "Sudan",
        "fromIso": "SD",
        "to": "Moldova",
        "toIso": "MD",
        "mode": "ship",
        "distance": 36.921158
      },
      "geometry": {
        "type": "LineString",
        "coordinates": [
          [
            -131.924316,
            42.239267
          ],
          [
            -113.465428,
            52.489093
          ],
          [
            -95.006539,
            42.73892
          ]
        ]
      }
    },
    {
      "type": "Feature",
      "properties": {
        "from": "Suriname",
        "fromIso": "SR",
        "to": "Yemen",
        "toIso": "YE",
        "mode": "land",
        "distance": 12.115752
      },
      "geometry": {
        "type": "LineString",
        "coordinates": [
          [
            158.071295,
            10.961382
          ],
          [
            162.850551,
            17.683824
          ],
          [
            167.629808,
            18.406265
          ]
        ]
      }
    },
    {
      "type": "Feature",
      "properties": {
        "from": "Suriname",
        "fromIso": "SR",
        "to": "United States",
        "toIso": "US",
        "mode": "ship",
        "distance": 35.299796
      },
      "geometry": {
        "type": "LineString",
        "coordinates": [
          [
            158.071295,
            10.961382
          ],
          [
            -4.306729,
            21.953775
          ],
          [
            -166.684752,
            12.946169
          ]
        ]
      }
    },
    {
      "type": "Feature",
      "properties": {
        "from": "Svalbard & Jan Mayen",
        "fromIso": "SJ",
        "to": "Zambia",
        "toIso": "ZM",
        "mode": "land",
        "distance": 9.281143
      },
      "geometry": {
        "type": "LineString",
        "coordinates": [
          [
            -101.114782,
            -58.642225
          ],
          [
            -99.294028,
            -65.910686
          ],
          [
            -97.473275,
            -67.179147
          ]
        ]
      }
    },
    {
      "type": "Feature",
      "properties": {
        "from": "Svalbard & Jan Mayen",
        "fromIso": "SJ",
        "to": "Guadeloupe",
        "toIso": "GP",
        "mode": "ship",
        "distance": 36.045704
      },
      "geometry": {
        "type": "LineString",
        "coordinates": [
          [
            -101.114782,
            -58.642225
          ],
          [
            -87.807421,
            -36.4875
          ],
          [
            -74.50006,
            -34.332775
          ]
        ]
      }
    },
    {
      "type": "Feature",
      "properties": {
        "from": "Sweden",
        "fromIso": "SE",
        "to": "Réunion",
        "toIso": "RE",
        "mode": "land",
        "distance": 14.335743
      },
      "geometry": {
        "type": "LineString",
        "coordinates": [
          [
            -9.347746,
            75.67171
          ],
          [
            -2.878647,
            69.58478
          ],
          [
            3.590453,
            69.49785
          ]
        ]
      }
    },
    {
      "type": "Feature",
      "properties": {
        "from": "Sweden",
        "fromIso": "SE",
        "to": "Türkiye",
        "toIso": "TR",
        "mode": "ship",
        "distance": 35.496752
      },
      "geometry": {
        "type": "LineString",
        "coordinates": [
          [
            -9.347746,
            75.67171
          ],
          [
            -27.094148,
            65.406995
          ],
          [
            -44.84055,
            75.14228
          ]
        ]
      }
    },
    {
      "type": "Feature",
      "properties": {
        "from": "Switzerland",
        "fromIso": "CH",
        "to": "Niue",
        "toIso": "NU",
        "mode": "land",
        "distance": 14.717142
      },
      "geometry": {
        "type": "LineString",
        "coordinates": [
          [
            115.406035,
            -52.939464
          ],
          [
            109.8855,
            -45.07405
          ],
          [
            104.364964,
            -43.208636
          ]
        ]
      }
    },
    {
      "type": "Feature",
      "properties": {
        "from": "Syria",
        "fromIso": "SY",
        "to": "United States",
        "toIso": "US",
        "mode": "land",
        "distance": 12.040462
      },
      "geometry": {
        "type": "LineString",
        "coordinates": [
          [
            -161.197652,
            2.228685
          ],
          [
            -163.941202,
            10.587427
          ],
          [
            -166.684752,
            12.946169
          ]
        ]
      }
    },
    {
      "type": "Feature",
      "properties": {
        "from": "Syria",
        "fromIso": "SY",
        "to": "Yemen",
        "toIso": "YE",
        "mode": "ship",
        "distance": 35.120384
      },
      "geometry": {
        "type": "LineString",
        "coordinates": [
          [
            -161.197652,
            2.228685
          ],
          [
            3.216078,
            20.317475
          ],
          [
            167.629808,
            18.406265
          ]
        ]
      }
    },
    {
      "type": "Feature",
      "properties": {
        "from": "Taiwan",
        "fromIso": "TW",
        "to": "Mozambique",
        "toIso": "MZ",
        "mode": "land",
        "distance": 18.753761
      },
      "geometry": {
        "type": "LineString",
        "coordinates": [
          [
            122.332351,
            49.890799
          ],
          [
            118.363158,
            38.395424
          ],
          [
            114.393965,
            32.900049
          ]
        ]
      }
    },
    {
      "type": "Feature",
      "properties": {
        "from": "Taiwan",
        "fromIso": "TW",
        "to": "Sierra Leone",
        "toIso": "SL",
        "mode": "ship",
        "distance": 38.167762
      },
      "geometry": {
        "type": "LineString",
        "coordinates": [
          [
            122.332351,
            49.890799
          ],
          [
            134.046301,
            24.825013
          ],
          [
            145.76025,
            19.759227
          ]
        ]
      }
    },
    {
      "type": "Feature",
      "properties": {
        "from": "Tajikistan",
        "fromIso": "TJ",
        "to": "North Macedonia",
        "toIso": "MK",
        "mode": "land",
        "distance": 13.898629
      },
      "geometry": {
        "type": "LineString",
        "coordinates": [
          [
            -18.881128,
            -75.984159
          ],
          [
            -14.040732,
            -67.997824
          ],
          [
            -9.200336,
            -66.011489
          ]
        ]
      }
    },
    {
      "type": "Feature",
      "properties": {
        "from": "Tajikistan",
        "fromIso": "TJ",
        "to": "U.S. Outlying Islands",
        "toIso": "UM",
        "mode": "ship",
        "distance": 35.543464
      },
      "geometry": {
        "type": "LineString",
        "coordinates": [
          [
            -18.881128,
            -75.984159
          ],
          [
            -1.149254,
            -85
          ],
          [
            16.582621,
            -78.363301
          ]
        ]
      }
    },
    {
      "type": "Feature",
      "properties": {
        "from": "Thailand",
        "fromIso": "TH",
        "to": "Vatican City",
        "toIso": "VA",
        "mode": "land",
        "distance": 11.164845
      },
      "geometry": {
        "type": "LineString",
        "coordinates": [
          [
            159.366874,
            -15.595972
          ],
          [
            160.033761,
            -24.138417
          ],
          [
            160.700648,
            -26.680863
          ]
        ]
      }
    },
    {
      "type": "Feature",
      "properties": {
        "from": "Thailand",
        "fromIso": "TH",
        "to": "Peru",
        "toIso": "PE",
        "mode": "ship",
        "distance": 37.204127
      },
      "geometry": {
        "type": "LineString",
        "coordinates": [
          [
            159.366874,
            -15.595972
          ],
          [
            142.89361,
            -34.237056
          ],
          [
            126.420346,
            -32.87814
          ]
        ]
      }
    },
    {
      "type": "Feature",
      "properties": {
        "from": "Timor-Leste",
        "fromIso": "TL",
        "to": "Venezuela",
        "toIso": "VE",
        "mode": "land",
        "distance": 18.553453
      },
      "geometry": {
        "type": "LineString",
        "coordinates": [
          [
            -140.138847,
            -39.424401
          ],
          [
            -148.562416,
            -32.538383
          ],
          [
            -156.985985,
            -31.652365
          ]
        ]
      }
    },
    {
      "type": "Feature",
      "properties": {
        "from": "Timor-Leste",
        "fromIso": "TL",
        "to": "Norfolk Island",
        "toIso": "NF",
        "mode": "ship",
        "distance": 38.001839
      },
      "geometry": {
        "type": "LineString",
        "coordinates": [
          [
            -140.138847,
            -39.424401
          ],
          [
            -139.667539,
            -10.429328
          ],
          [
            -139.196231,
            -1.434254
          ]
        ]
      }
    },
    {
      "type": "Feature",
      "properties": {
        "from": "Togo",
        "fromIso": "TG",
        "to": "Pakistan",
        "toIso": "PK",
        "mode": "land",
        "distance": 15.950023
      },
      "geometry": {
        "type": "LineString",
        "coordinates": [
          [
            47.045466,
            73.938747
          ],
          [
            40.430661,
            66.483956
          ],
          [
            33.815856,
            65.029165
          ]
        ]
      }
    },
    {
      "type": "Feature",
      "properties": {
        "from": "Togo",
        "fromIso": "TG",
        "to": "French Guiana",
        "toIso": "GF",
        "mode": "ship",
        "distance": 36.493475
      },
      "geometry": {
        "type": "LineString",
        "coordinates": [
          [
            47.045466,
            73.938747
          ],
          [
            36.557699,
            49.007231
          ],
          [
            26.069932,
            44.075715
          ]
        ]
      }
    },
    {
      "type": "Feature",
      "properties": {
        "from": "Tokelau",
        "fromIso": "TK",
        "to": "Spain",
        "toIso": "ES",
        "mode": "land",
        "distance": 16.831138
      },
      "geometry": {
        "type": "LineString",
        "coordinates": [
          [
            71.235721,
            -69.683181
          ],
          [
            78.578374,
            -62.571339
          ],
          [
            85.921027,
            -61.459497
          ]
        ]
      }
    },
    {
      "type": "Feature",
      "properties": {
        "from": "Tokelau",
        "fromIso": "TK",
        "to": "French Polynesia",
        "toIso": "PF",
        "mode": "ship",
        "distance": 39.425979
      },
      "geometry": {
        "type": "LineString",
        "coordinates": [
          [
            71.235721,
            -69.683181
          ],
          [
            57.670353,
            -45.379938
          ],
          [
            44.104986,
            -41.076695
          ]
        ]
      }
    },
    {
      "type": "Feature",
      "properties": {
        "from": "Tonga",
        "fromIso": "TO",
        "to": "Western Sahara",
        "toIso": "EH",
        "mode": "land",
        "distance": 11.470998
      },
      "geometry": {
        "type": "LineString",
        "coordinates": [
          [
            -152.546199,
            28.723517
          ],
          [
            -151.087695,
            37.270472
          ],
          [
            -149.629191,
            39.817428
          ]
        ]
      }
    },
    {
      "type": "Feature",
      "properties": {
        "from": "Trinidad & Tobago",
        "fromIso": "TT",
        "to": "Yemen",
        "toIso": "YE",
        "mode": "land",
        "distance": 16.480218
      },
      "geometry": {
        "type": "LineString",
        "coordinates": [
          [
            153.912785,
            27.540862
          ],
          [
            160.771297,
            19.973564
          ],
          [
            167.629808,
            18.406265
          ]
        ]
      }
    },
    {
      "type": "Feature",
      "properties": {
        "from": "Trinidad & Tobago",
        "fromIso": "TT",
        "to": "Monaco",
        "toIso": "MC",
        "mode": "ship",
        "distance": 36.366047
      },
      "geometry": {
        "type": "LineString",
        "coordinates": [
          [
            153.912785,
            27.540862
          ],
          [
            142.780725,
            3.163811
          ],
          [
            131.648664,
            -1.213239
          ]
        ]
      }
    },
    {
      "type": "Feature",
      "properties": {
        "from": "Tunisia",
        "fromIso": "TN",
        "to": "Papua New Guinea",
        "toIso": "PG",
        "mode": "land",
        "distance": 17.966453
      },
      "geometry": {
        "type": "LineString",
        "coordinates": [
          [
            -74.259142,
            -69.557168
          ],
          [
            -66.113227,
            -62.770028
          ],
          [
            -57.967312,
            -61.982889
          ]
        ]
      }
    },
    {
      "type": "Feature",
      "properties": {
        "from": "Türkiye",
        "fromIso": "TR",
        "to": "Sint Maarten",
        "toIso": "SX",
        "mode": "land",
        "distance": 16.374558
      },
      "geometry": {
        "type": "LineString",
        "coordinates": [
          [
            -44.84055,
            75.14228
          ],
          [
            -36.965666,
            69.902251
          ],
          [
            -29.090781,
            70.662221
          ]
        ]
      }
    },
    {
      "type": "Feature",
      "properties": {
        "from": "Turkmenistan",
        "fromIso": "TM",
        "to": "Peru",
        "toIso": "PE",
        "mode": "land",
        "distance": 16.663875
      },
      "geometry": {
        "type": "LineString",
        "coordinates": [
          [
            140.860547,
            -41.19471
          ],
          [
            133.640446,
            -34.036425
          ],
          [
            126.420346,
            -32.87814
          ]
        ]
      }
    },
    {
      "type": "Feature",
      "properties": {
        "from": "Turkmenistan",
        "fromIso": "TM",
        "to": "Niue",
        "toIso": "NU",
        "mode": "ship",
        "distance": 36.551108
      },
      "geometry": {
        "type": "LineString",
        "coordinates": [
          [
            140.860547,
            -41.19471
          ],
          [
            122.612755,
            -52.201673
          ],
          [
            104.364964,
            -43.208636
          ]
        ]
      }
    },
    {
      "type": "Feature",
      "properties": {
        "from": "Turks & Caicos Islands",
        "fromIso": "TC",
        "to": "St. Martin",
        "toIso": "MF",
        "mode": "land",
        "distance": 15.780646
      },
      "geometry": {
        "type": "LineString",
        "coordinates": [
          [
            -163.14977,
            -14.588102
          ],
          [
            -156.662213,
            -22.07907
          ],
          [
            -150.174655,
            -23.570038
          ]
        ]
      }
    },
    {
      "type": "Feature",
      "properties": {
        "from": "Tuvalu",
        "fromIso": "TV",
        "to": "North Korea",
        "toIso": "KP",
        "mode": "land",
        "distance": 17.380872
      },
      "geometry": {
        "type": "LineString",
        "coordinates": [
          [
            99.65088,
            62.935541
          ],
          [
            100.27506,
            51.26755
          ],
          [
            100.89924,
            45.599558
          ]
        ]
      }
    },
    {
      "type": "Feature",
      "properties": {
        "from": "Tuvalu",
        "fromIso": "TV",
        "to": "Guinea",
        "toIso": "GN",
        "mode": "ship",
        "distance": 36.580358
      },
      "geometry": {
        "type": "LineString",
        "coordinates": [
          [
            99.65088,
            62.935541
          ],
          [
            93.783413,
            35.612046
          ],
          [
            87.915946,
            28.288551
          ]
        ]
      }
    },
    {
      "type": "Feature",
      "properties": {
        "from": "U.S. Outlying Islands",
        "fromIso": "UM",
        "to": "Somalia",
        "toIso": "SO",
        "mode": "land",
        "distance": 15.071749
      },
      "geometry": {
        "type": "LineString",
        "coordinates": [
          [
            16.582621,
            -78.363301
          ],
          [
            9.595574,
            -72.540082
          ],
          [
            2.608526,
            -72.716862
          ]
        ]
      }
    },
    {
      "type": "Feature",
      "properties": {
        "from": "U.S. Outlying Islands",
        "fromIso": "UM",
        "to": "Hong Kong SAR China",
        "toIso": "HK",
        "mode": "ship",
        "distance": 35.334833
      },
      "geometry": {
        "type": "LineString",
        "coordinates": [
          [
            16.582621,
            -78.363301
          ],
          [
            26.355604,
            -53.645067
          ],
          [
            36.128586,
            -48.926833
          ]
        ]
      }
    },
    {
      "type": "Feature",
      "properties": {
        "from": "U.S. Virgin Islands",
        "fromIso": "VI",
        "to": "Portugal",
        "toIso": "PT",
        "mode": "land",
        "distance": 14.384594
      },
      "geometry": {
        "type": "LineString",
        "coordinates": [
          [
            -124.5911,
            52.606608
          ],
          [
            -119.121583,
            44.936114
          ],
          [
            -113.652066,
            43.265619
          ]
        ]
      }
    },
    {
      "type": "Feature",
      "properties": {
        "from": "U.S. Virgin Islands",
        "fromIso": "VI",
        "to": "Northern Mariana Islands",
        "toIso": "MP",
        "mode": "ship",
        "distance": 36.690169
      },
      "geometry": {
        "type": "LineString",
        "coordinates": [
          [
            -124.5911,
            52.606608
          ],
          [
            -106.250812,
            42.187116
          ],
          [
            -87.910525,
            51.767624
          ]
        ]
      }
    },
    {
      "type": "Feature",
      "properties": {
        "from": "Uganda",
        "fromIso": "UG",
        "to": "Suriname",
        "toIso": "SR",
        "mode": "land",
        "distance": 13.736243
      },
      "geometry": {
        "type": "LineString",
        "coordinates": [
          [
            167.48051,
            0.953833
          ],
          [
            162.775903,
            8.957607
          ],
          [
            158.071295,
            10.961382
          ]
        ]
      }
    },
    {
      "type": "Feature",
      "properties": {
        "from": "Uganda",
        "fromIso": "UG",
        "to": "South Georgia & South Sandwich Islands",
        "toIso": "GS",
        "mode": "land",
        "distance": 14.432704
      },
      "geometry": {
        "type": "LineString",
        "coordinates": [
          [
            167.48051,
            0.953833
          ],
          [
            160.942729,
            -5.10119
          ],
          [
            154.404949,
            -5.156213
          ]
        ]
      }
    },
    {
      "type": "Feature",
      "properties": {
        "from": "Ukraine",
        "fromIso": "UA",
        "to": "Oman",
        "toIso": "OM",
        "mode": "land",
        "distance": 17.84509
      },
      "geometry": {
        "type": "LineString",
        "coordinates": [
          [
            -122.392308,
            -54.242543
          ],
          [
            -119.997174,
            -42.647478
          ],
          [
            -117.602039,
            -37.052413
          ]
        ]
      }
    },
    {
      "type": "Feature",
      "properties": {
        "from": "Ukraine",
        "fromIso": "UA",
        "to": "Jamaica",
        "toIso": "JM",
        "mode": "ship",
        "distance": 36.703754
      },
      "geometry": {
        "type": "LineString",
        "coordinates": [
          [
            -122.392308,
            -54.242543
          ],
          [
            -107.578325,
            -33.410308
          ],
          [
            -92.764342,
            -32.578074
          ]
        ]
      }
    },
    {
      "type": "Feature",
      "properties": {
        "from": "United Arab Emirates",
        "fromIso": "AE",
        "to": "Maldives",
        "toIso": "MV",
        "mode": "ship",
        "distance": 35.591072
      },
      "geometry": {
        "type": "LineString",
        "coordinates": [
          [
            12.684048,
            79.206352
          ],
          [
            26.452781,
            57.93235
          ],
          [
            40.221513,
            56.658349
          ]
        ]
      }
    },
    {
      "type": "Feature",
      "properties": {
        "from": "United Kingdom",
        "fromIso": "GB",
        "to": "Switzerland",
        "toIso": "CH",
        "mode": "land",
        "distance": 14.807854
      },
      "geometry": {
        "type": "LineString",
        "coordinates": [
          [
            104.168838,
            -62.583008
          ],
          [
            109.787436,
            -54.761236
          ],
          [
            115.406035,
            -52.939464
          ]
        ]
      }
    },
    {
      "type": "Feature",
      "properties": {
        "from": "United States",
        "fromIso": "US",
        "to": "Sri Lanka",
        "toIso": "LK",
        "mode": "land",
        "distance": 15.852772
      },
      "geometry": {
        "type": "LineString",
        "coordinates": [
          [
            -166.684752,
            12.946169
          ],
          [
            -159.164476,
            18.450774
          ],
          [
            -151.6442,
            17.955379
          ]
        ]
      }
    },
    {
      "type": "Feature",
      "properties": {
        "from": "Uruguay",
        "fromIso": "UY",
        "to": "Panama",
        "toIso": "PA",
        "mode": "land",
        "distance": 19.735518
      },
      "geometry": {
        "type": "LineString",
        "coordinates": [
          [
            141.725051,
            43.71519
          ],
          [
            136.373488,
            32.424627
          ],
          [
            131.021925,
            27.134063
          ]
        ]
      }
    },
    {
      "type": "Feature",
      "properties": {
        "from": "Uruguay",
        "fromIso": "UY",
        "to": "Yemen",
        "toIso": "YE",
        "mode": "ship",
        "distance": 36.215993
      },
      "geometry": {
        "type": "LineString",
        "coordinates": [
          [
            141.725051,
            43.71519
          ],
          [
            154.67743,
            21.060727
          ],
          [
            167.629808,
            18.406265
          ]
        ]
      }
    },
    {
      "type": "Feature",
      "properties": {
        "from": "Uzbekistan",
        "fromIso": "UZ",
        "to": "Samoa",
        "toIso": "WS",
        "mode": "land",
        "distance": 15.290846
      },
      "geometry": {
        "type": "LineString",
        "coordinates": [
          [
            -42.059329,
            -77.604417
          ],
          [
            -35.77596,
            -70.248757
          ],
          [
            -29.492592,
            -68.893098
          ]
        ]
      }
    },
    {
      "type": "Feature",
      "properties": {
        "from": "Vanuatu",
        "fromIso": "VU",
        "to": "Tanzania",
        "toIso": "TZ",
        "mode": "land",
        "distance": 17.134031
      },
      "geometry": {
        "type": "LineString",
        "coordinates": [
          [
            -80.163182,
            70.786857
          ],
          [
            -87.57474,
            63.490049
          ],
          [
            -94.986298,
            62.193241
          ]
        ]
      }
    },
    {
      "type": "Feature",
      "properties": {
        "from": "Vanuatu",
        "fromIso": "VU",
        "to": "Türkiye",
        "toIso": "TR",
        "mode": "ship",
        "distance": 35.59014
      },
      "geometry": {
        "type": "LineString",
        "coordinates": [
          [
            -80.163182,
            70.786857
          ],
          [
            -62.501866,
            82.964568
          ],
          [
            -44.84055,
            75.14228
          ]
        ]
      }
    },
    {
      "type": "Feature",
      "properties": {
        "from": "Vatican City",
        "fromIso": "VA",
        "to": "St. Lucia",
        "toIso": "LC",
        "mode": "land",
        "distance": 17.020914
      },
      "geometry": {
        "type": "LineString",
        "coordinates": [
          [
            160.700648,
            -26.680863
          ],
          [
            152.401436,
            -31.565265
          ],
          [
            144.102225,
            -30.449667
          ]
        ]
      }
    },
    {
      "type": "Feature",
      "properties": {
        "from": "Vatican City",
        "fromIso": "VA",
        "to": "Suriname",
        "toIso": "SR",
        "mode": "ship",
        "distance": 37.733965
      },
      "geometry": {
        "type": "LineString",
        "coordinates": [
          [
            160.700648,
            -26.680863
          ],
          [
            159.385971,
            2.14026
          ],
          [
            158.071295,
            10.961382
          ]
        ]
      }
    },
    {
      "type": "Feature",
      "properties": {
        "from": "Venezuela",
        "fromIso": "VE",
        "to": "Turks & Caicos Islands",
        "toIso": "TC",
        "mode": "land",
        "distance": 18.143355
      },
      "geometry": {
        "type": "LineString",
        "coordinates": [
          [
            -156.985985,
            -31.652365
          ],
          [
            -160.067878,
            -20.120233
          ],
          [
            -163.14977,
            -14.588102
          ]
        ]
      }
    },
    {
      "type": "Feature",
      "properties": {
        "from": "Vietnam",
        "fromIso": "VN",
        "to": "Senegal",
        "toIso": "SN",
        "mode": "land",
        "distance": 17.270133
      },
      "geometry": {
        "type": "LineString",
        "coordinates": [
          [
            70.624922,
            73.566626
          ],
          [
            62.833501,
            66.843974
          ],
          [
            55.042081,
            66.121321
          ]
        ]
      }
    },
    {
      "type": "Feature",
      "properties": {
        "from": "Wallis & Futuna",
        "fromIso": "WF",
        "to": "St. Vincent & Grenadines",
        "toIso": "VC",
        "mode": "land",
        "distance": 16.947397
      },
      "geometry": {
        "type": "LineString",
        "coordinates": [
          [
            53.266027,
            -76.931595
          ],
          [
            45.017156,
            -71.992603
          ],
          [
            36.768285,
            -73.05361
          ]
        ]
      }
    },
    {
      "type": "Feature",
      "properties": {
        "from": "Wallis & Futuna",
        "fromIso": "WF",
        "to": "Latvia",
        "toIso": "LV",
        "mode": "ship",
        "distance": 35.920444
      },
      "geometry": {
        "type": "LineString",
        "coordinates": [
          [
            53.266027,
            -76.931595
          ],
          [
            38.727451,
            -56.386483
          ],
          [
            24.188875,
            -55.841372
          ]
        ]
      }
    },
    {
      "type": "Feature",
      "properties": {
        "from": "Western Sahara",
        "fromIso": "EH",
        "to": "Seychelles",
        "toIso": "SC",
        "mode": "land",
        "distance": 16.322822
      },
      "geometry": {
        "type": "LineString",
        "coordinates": [
          [
            -149.629191,
            39.817428
          ],
          [
            -142.508517,
            32.829366
          ],
          [
            -135.387843,
            31.841305
          ]
        ]
      }
    },
    {
      "type": "Feature",
      "properties": {
        "from": "Western Sahara",
        "fromIso": "EH",
        "to": "Portugal",
        "toIso": "PT",
        "mode": "ship",
        "distance": 36.141991
      },
      "geometry": {
        "type": "LineString",
        "coordinates": [
          [
            -149.629191,
            39.817428
          ],
          [
            -131.640628,
            51.541523
          ],
          [
            -113.652066,
            43.265619
          ]
        ]
      }
    },
    {
      "type": "Feature",
      "properties": {
        "from": "Zambia",
        "fromIso": "ZM",
        "to": "Qatar",
        "toIso": "QA",
        "mode": "land",
        "distance": 17.747908
      },
      "geometry": {
        "type": "LineString",
        "coordinates": [
          [
            -97.473275,
            -67.179147
          ],
          [
            -99.625034,
            -55.570025
          ],
          [
            -101.776793,
            -49.960902
          ]
        ]
      }
    },
    {
      "type": "Feature",
      "properties": {
        "from": "Zambia",
        "fromIso": "ZM",
        "to": "Oman",
        "toIso": "OM",
        "mode": "ship",
        "distance": 36.232406
      },
      "geometry": {
        "type": "LineString",
        "coordinates": [
          [
            -97.473275,
            -67.179147
          ],
          [
            -107.537657,
            -42.11578
          ],
          [
            -117.602039,
            -37.052413
          ]
        ]
      }
    },
    {
      "type": "Feature",
      "properties": {
        "from": "Zimbabwe",
        "fromIso": "ZW",
        "to": "Sweden",
        "toIso": "SE",
        "mode": "land",
        "distance": 15.777517
      },
      "geometry": {
        "type": "LineString",
        "coordinates": [
          [
            -24.271638,
            80.791036
          ],
          [
            -16.809692,
            75.231373
          ],
          [
            -9.347746,
            75.67171
          ]
        ]
      }
    },
    {
      "type": "Feature",
      "properties": {
        "from": "Zimbabwe",
        "fromIso": "ZW",
        "to": "Georgia",
        "toIso": "GE",
        "mode": "ship",
        "distance": 35.92318
      },
      "geometry": {
        "type": "LineString",
        "coordinates": [
          [
            -24.271638,
            80.791036
          ],
          [
            -26.629063,
            52.984822
          ],
          [
            -28.986488,
            45.178608
          ]
        ]
      }
    }
  ]
}
